"cluster","n_hits","n_cells"
"HSC_MPP",2527,7893
"MEP",2464,4742
"Megakaryocyte_mature",2350,723
"Cycling_progenitor",2140,93
"Progenitor_G2M",2093,1090
"MSC_stromal",1742,200
"Monocyte_classical",1565,14181
"pDC",1496,492
"GMP_promyelocyte",1311,819
"Monocyte_nonclassical",1310,2546
"cDC2",1133,725
"B_naive",996,8773
"Erythroblast",981,14944
"NK",965,8478
"Neutrophil",941,1357
"T_memory",931,4548
"T_CD4_naive",777,9979
"Megakaryocyte",685,3103
"T_CD8_GZMK",658,8544
"Plasma_cell",654,342
"T_CD4_memory",617,2327
"Megakaryocyte_prog",590,5372
"Monocyte_S100high",421,1031
"Erythroid_late_HBG",165,3069
"Erythroid_late",86,6490
