"cluster","top_genes"
"T_CD4_naive","ENSG00000290109, CA6, ENSG00000259097, EDAR, LEF1-AS1, SORCS3, ADTRP, ENSG00000271774, AK5, NELL2, LEF1, TCEA3, ENSG00000289731, TSHZ2, ANKRD55"
"NK","BNC2, KIR2DL3, SH2D1B, LINGO2, PTGDS, MYOM2, KLRF1, RNF165, KLRC2, NCR1, NCAM1, KLRC3, CLIC3, TRDC, EFNA5"
"Monocyte_classical","NRG1, VCAN, VCAN-AS1, CD163, CD14, PID1, FOLR3, SDC2, ASGR2, ENSG00000289977, CLEC4E, PLA2G7, S1PR3, LPAR1, CCR1"
"B_naive","COL19A1, NETO1, SLC38A11, ENSG00000289963, FCRL2, FCRL1, ENSG00000250850, LINC02397, MS4A1, LIX1, ENSG00000251309, LINC00926, PAX5, TNFRSF13C, OSBPL10"
"T_CD8_GZMK","GZMK, CD8A, CD8B, A2MP1, TRGC2, A2M, PZP, RGS1, LINC00612, MSC-AS1, GZMH, GZMA, LINC01871, KLRB1, XCL2"
"Neutrophil","KCNJ15, BTNL8, MMP9, ALPL, LTF, ABCA13, CYP4F3, MGAM, TRPM6, FCGR3B, ENSG00000288700, IL1R2, TNFRSF10C, ADGRG3, CEACAM1"
"T_memory","TAFA1, LRIG1, THEMIS, ENSG00000286330, CD28, ANK3, CAMK4, LINC01934, PLCL1, CATSPERB, ICOS, CD6, GPRIN3, DOCK9, MIAT"
"Megakaryocyte_prog","TMSB15A, CKB, MYL9, PPP1R14B, PDLIM1, SPX, PPP1R14A, CMTM5, LCN2, ENSG00000233968, CDK2AP1, TGFB1I1, PROS1, VWF, ITGA2B"
"Erythroblast","SOX6, ART4, FHDC1, ENSG00000287860, BEST3, RWDD3-DT, SPTA1, C17orf99, ACHE, RHCE, SLC25A21, SLC6A9, SEC14L4, TLCD4, PAQR9"
"Plasma_cell","IGHA1, IGLV3-1, IGLC7, IGLC2, IGHG1, IGHG4, IGHG3, IGLV6-57, SDC1, IGHA2, IGLL5, IGHG2, IGHGP, IGKC, IGKV4-1"
"T_CD4_memory","IATPR, ENSG00000227240, IL2RA, GREM2, ICOS, FAAH2, ST8SIA1, TNFRSF4, SGPP2, CCR6, CRIP2, ENSG00000290048, ENSG00000286330, CD28, LINC00402"
"HSC_MPP","ENSG00000235495, PREX2, C6orf141, C1QTNF4, ENSG00000229308, ENSG00000286282, AVP, CDH7, LINC02839, HLF, CRHBP, RASSF9, BAALC, ADGRG6, ENSG00000229425"
"Megakaryocyte","PTCRA, CLDN5, ENSG00000236304, PDGFA-DT, ACRBP, ENSG00000288882, GNG11, CXCL5, TMEM40, CLEC1B, PPBP, PF4, TUBB1, PF4V1, PDGFA"
"MEP","COL6A5, LINC01768, ENSG00000289996, RYR3, STXBP6, XACT, HDC, RYR3-DT, COL6A6, CSF1, ZNF804B, MYO16, CNRIP1, TPSB2, ST6GAL2"
"pDC","ENSG00000290592, SCT, ENSG00000248991, ENSG00000253449, BMP3, LINC01478, ARPP21, CLEC4C, RAG2, LRRC26, DNTT, LILRA4, VPREB1, ENSG00000267568, ENSG00000287150"
"Monocyte_nonclassical","UICLM, LYPD2, ENSG00000287682, RDUR, VMO1, SCGB3A1, CROCC2, HES4, CDKN1C, KNDC1, FMNL2, TMTC1, C1QA, LINC02432, CASP5"
"cDC2","CD1E, ENHO, CD1C, SLC4A3, ENSG00000232628, FCER1A, CLEC10A, ST18, ENSG00000291111, DTNA, IDO2, SH3BP4, HTR7, MRC1, TIFAB"
"GMP_promyelocyte","PRTN3, CTSG, AZU1, ELANE, MPO, RNASE3, ENSG00000254006, SERPINB10, MS4A3, SIGLEC12, BPI, RNASE2CP, SERPINB2, RNASE2, PRLR"
"Monocyte_S100high","GPBAR1, SECTM1, ASGR1, HMOX1, CSTA, SERPINA1, APOBEC3A, IGSF6, RBP7, S100A12, ENSG00000257764, SLC7A7, HNMT, AIF1, S100A9"
"Progenitor_G2M","SAPCD2, CEP55, CCNB1, PSRC1, CDC20, PLK1, CCND1, EMILIN1, MAD2L1, KIF20A, PYCR1, CKAP2L, UBE2C, PTGER3, EXOC3L2"
"Erythroid_late_HBG","IFIT1B, RUNDC3A, TMCC2, BPGM, DCAF12, IFI27, HBG1, TRIM58, LINC02972, PHOSPHO1, ARL4A, HBG2, ALAS2, HBA2, LINC00570"
"Erythroid_late","KRT1, LINC02972, HBG2, HBA2, HBA1, HBB, RUNDC3A, HBG1, ENSG00000290010, IFI27, SLC25A39, ENSG00000260592, LINC00570, PHOSPHO1, ALAS2"
"Cycling_progenitor","TLCD3B, CEP55, DUSP4, FAM111B, TP73, ATP2A1-AS1, E2F1, FBXO43, APOBEC3H, CLSPN, H4C9, SCN8A, HELLS, CDCA5, ASF1B"
"MSC_stromal","POM121L9P, ISLR, SIX1, LINC01638, ID4, PCDH18, RSPO1, SNAI2, LIFR, NCKAP5-AS2, COL3A1, COL1A2, BMP5, FMO2, CDH11"
"Megakaryocyte_mature","ENSG00000248242, ENSG00000274139, LINC01565, PDE3A, CXXC4-AS1, INHBA-AS1, ITGB5-AS1, ENSG00000285577, SERPINE1, CXCL1, ENSG00000248388, ENSG00000289915, VEGFC, HTR2A, BDNF"
