Run,AGE,Assay Type,AvgSpotLen,Bases,BIOMATERIAL_PROVIDER,BioProject,BioSample,BioSampleModel,Bytes,Center Name,Collection_Date,Consent,DATASTORE filetype,DATASTORE provider,DATASTORE region,disease_stage,Experiment,geo_loc_name_country,geo_loc_name_country_continent,geo_loc_name,health_state,Instrument,isolate,Library Name,LibraryLayout,LibrarySelection,LibrarySource,Organism,Platform,ReleaseDate,create_date,version,Sample Name,sex,SRA Study,tissue
SRR27748962,38,RNA-Seq,127,57463572652,"The Catholic University of Korea\, Banpo-dong 505\, Seoul\, Korea",PRJNA1070224,SAMN39636588,Human,24204600332,CATHOLIC UNIVERSITY OF KOREA,2020-07-10,public,"run.zq,sra,fastq","ncbi,gs,s3","ncbi.public,gs.us-east1,s3.us-east-1",PMF(MF2),SRX23414235,South Korea,Asia,South Korea,Overt PMF,Illumina NovaSeq 6000,sample10,C10,PAIRED,PCR,TRANSCRIPTOMIC SINGLE CELL,Homo sapiens,ILLUMINA,2024-10-21T00:00:00Z,2024-01-28T19:12:00Z,1,MPN030,female,SRP486258,bone marrow aspirates
SRR27748963,62,RNA-Seq,127,59737223807,"The Catholic University of Korea\, Banpo-dong 505\, Seoul\, Korea",PRJNA1070224,SAMN39636587,Human,24384003771,CATHOLIC UNIVERSITY OF KOREA,2020-06-25,public,"fastq,sra,run.zq","gs,ncbi,s3","s3.us-east-1,ncbi.public,gs.us-east1",PMF(MF3),SRX23414234,South Korea,Asia,South Korea,Overt PMF,Illumina NovaSeq 6000,sample9,C09,PAIRED,PCR,TRANSCRIPTOMIC SINGLE CELL,Homo sapiens,ILLUMINA,2024-10-21T00:00:00Z,2024-01-28T19:28:00Z,1,MPN016,male,SRP486258,bone marrow aspirates
SRR27748964,68,RNA-Seq,127,58373034384,"The Catholic University of Korea\, Banpo-dong 505\, Seoul\, Korea",PRJNA1070224,SAMN39636586,Human,23684647991,CATHOLIC UNIVERSITY OF KOREA,2020-06-26,public,"fastq,run.zq,sra","ncbi,s3,gs","ncbi.public,s3.us-east-1,gs.us-east1",PMF(MF3),SRX23414233,South Korea,Asia,South Korea,Overt PMF,Illumina NovaSeq 6000,sample8,C08,PAIRED,PCR,TRANSCRIPTOMIC SINGLE CELL,Homo sapiens,ILLUMINA,2024-10-21T00:00:00Z,2024-01-28T18:52:00Z,1,MPN015,male,SRP486258,bone marrow aspirates
SRR27748965,76,RNA-Seq,127,52348985472,"The Catholic University of Korea\, Banpo-dong 505\, Seoul\, Korea",PRJNA1070224,SAMN39636585,Human,22746597598,CATHOLIC UNIVERSITY OF KOREA,2020-11-05,public,"sra,run.zq,fastq","gs,s3,ncbi","gs.us-east1,ncbi.public,s3.us-east-1",prefibrotic,SRX23414232,South Korea,Asia,South Korea,Pre-PMF,Illumina NovaSeq 6000,sample7,C07,PAIRED,PCR,TRANSCRIPTOMIC SINGLE CELL,Homo sapiens,ILLUMINA,2024-10-21T00:00:00Z,2024-01-28T18:47:00Z,1,MPN111,female,SRP486258,bone marrow aspirates
SRR27748966,62,RNA-Seq,127,54271451020,"The Catholic University of Korea\, Banpo-dong 505\, Seoul\, Korea",PRJNA1070224,SAMN39636584,Human,22866011773,CATHOLIC UNIVERSITY OF KOREA,2020-11-05,public,"sra,run.zq,fastq","gs,ncbi,s3","ncbi.public,gs.us-east1,s3.us-east-1",prefibrotic,SRX23414231,South Korea,Asia,South Korea,Pre-PMF,Illumina NovaSeq 6000,sample6,C06,PAIRED,PCR,TRANSCRIPTOMIC SINGLE CELL,Homo sapiens,ILLUMINA,2024-10-21T00:00:00Z,2024-01-28T19:08:00Z,1,MPN099,male,SRP486258,bone marrow aspirates
SRR27748967,56,RNA-Seq,127,56770078865,"The Catholic University of Korea\, Banpo-dong 505\, Seoul\, Korea",PRJNA1070224,SAMN39636583,Human,25646388192,CATHOLIC UNIVERSITY OF KOREA,2020-08-12,public,"fastq,sra,run.zq","gs,s3,ncbi","gs.us-east1,ncbi.public,s3.us-east-1",prefibrotic,SRX23414230,South Korea,Asia,South Korea,Pre-PMF,Illumina NovaSeq 6000,sample5,C05,PAIRED,PCR,TRANSCRIPTOMIC SINGLE CELL,Homo sapiens,ILLUMINA,2024-10-21T00:00:00Z,2024-01-28T19:00:00Z,1,MPN052,male,SRP486258,bone marrow aspirates
SRR27748968,55,RNA-Seq,127,55168794666,"The Catholic University of Korea\, Banpo-dong 505\, Seoul\, Korea",PRJNA1070224,SAMN39636582,Human,23550513030,CATHOLIC UNIVERSITY OF KOREA,2020-07-02,public,"fastq,run.zq,sra","s3,ncbi,gs","s3.us-east-1,gs.us-east1,ncbi.public",prefibrotic,SRX23414229,South Korea,Asia,South Korea,Pre-PMF,Illumina NovaSeq 6000,sample4,C04,PAIRED,PCR,TRANSCRIPTOMIC SINGLE CELL,Homo sapiens,ILLUMINA,2024-10-21T00:00:00Z,2024-01-28T19:47:00Z,1,MPN038,female,SRP486258,bone marrow aspirates
SRR27748969,48,RNA-Seq,127,56147132943,"The Catholic University of Korea\, Banpo-dong 505\, Seoul\, Korea",PRJNA1070224,SAMN39636581,Human,24047764866,CATHOLIC UNIVERSITY OF KOREA,2020-06-26,public,"fastq,run.zq,sra","s3,ncbi,gs","s3.us-east-1,ncbi.public,gs.us-east1",prefibrotic,SRX23414228,South Korea,Asia,South Korea,Pre-PMF,Illumina NovaSeq 6000,sample3,C03,PAIRED,PCR,TRANSCRIPTOMIC SINGLE CELL,Homo sapiens,ILLUMINA,2024-10-21T00:00:00Z,2024-01-28T18:51:00Z,1,MPN019,female,SRP486258,bone marrow aspirates
SRR27748970,53,RNA-Seq,127,55912618045,"The Catholic University of Korea\, Banpo-dong 505\, Seoul\, Korea",PRJNA1070224,SAMN39636597,Human,23905332732,CATHOLIC UNIVERSITY OF KOREA,2020-11-18,public,"fastq,run.zq,sra","ncbi,s3,gs","ncbi.public,gs.us-east1,s3.us-east-1",PMF(MF3),SRX23414227,South Korea,Asia,South Korea,Overt PMF,Illumina NovaSeq 6000,sample19,C19,PAIRED,PCR,TRANSCRIPTOMIC SINGLE CELL,Homo sapiens,ILLUMINA,2024-10-21T00:00:00Z,2024-01-28T18:32:00Z,1,MPN136,male,SRP486258,bone marrow aspirates
SRR27748971,53,RNA-Seq,127,55998030244,"The Catholic University of Korea\, Banpo-dong 505\, Seoul\, Korea",PRJNA1070224,SAMN39636596,Human,23135529943,CATHOLIC UNIVERSITY OF KOREA,2020-11-10,public,"fastq,sra,run.zq","s3,gs,ncbi","s3.us-east-1,ncbi.public,gs.us-east1",PMF(MF3),SRX23414226,South Korea,Asia,South Korea,Overt PMF,Illumina NovaSeq 6000,sample18,C18,PAIRED,PCR,TRANSCRIPTOMIC SINGLE CELL,Homo sapiens,ILLUMINA,2024-10-21T00:00:00Z,2024-01-28T18:34:00Z,1,MPN104,male,SRP486258,bone marrow aspirates
SRR27748972,63,RNA-Seq,127,55513677771,"The Catholic University of Korea\, Banpo-dong 505\, Seoul\, Korea",PRJNA1070224,SAMN39636595,Human,22346116062,CATHOLIC UNIVERSITY OF KOREA,2020-10-20,public,"sra,run.zq,fastq","ncbi,s3,gs","gs.us-east1,s3.us-east-1,ncbi.public",PMF(MF3),SRX23414225,South Korea,Asia,South Korea,Overt PMF,Illumina NovaSeq 6000,sample17,C17,PAIRED,PCR,TRANSCRIPTOMIC SINGLE CELL,Homo sapiens,ILLUMINA,2024-10-21T00:00:00Z,2024-01-28T18:33:00Z,1,MPN101,male,SRP486258,bone marrow aspirates
SRR27748973,61,RNA-Seq,127,54615580253,"The Catholic University of Korea\, Banpo-dong 505\, Seoul\, Korea",PRJNA1070224,SAMN39636594,Human,22175336588,CATHOLIC UNIVERSITY OF KOREA,2020-11-11,public,"sra,run.zq,fastq","gs,ncbi,s3","ncbi.public,gs.us-east1,s3.us-east-1",PMF(MF3),SRX23414224,South Korea,Asia,South Korea,Overt PMF,Illumina NovaSeq 6000,sample16,C16,PAIRED,PCR,TRANSCRIPTOMIC SINGLE CELL,Homo sapiens,ILLUMINA,2024-10-21T00:00:00Z,2024-01-28T18:56:00Z,1,MPN098,male,SRP486258,bone marrow aspirates
SRR27748974,59,RNA-Seq,127,53938524076,"The Catholic University of Korea\, Banpo-dong 505\, Seoul\, Korea",PRJNA1070224,SAMN39636593,Human,22216415404,CATHOLIC UNIVERSITY OF KOREA,2020-09-18,public,"sra,run.zq,fastq","ncbi,gs,s3","ncbi.public,s3.us-east-1,gs.us-east1",PMF(MF3),SRX23414223,South Korea,Asia,South Korea,Overt PMF,Illumina NovaSeq 6000,sample15,C15,PAIRED,PCR,TRANSCRIPTOMIC SINGLE CELL,Homo sapiens,ILLUMINA,2024-10-21T00:00:00Z,2024-01-28T18:40:00Z,1,MPN071,female,SRP486258,bone marrow aspirates
SRR27748975,54,RNA-Seq,127,54758829014,"The Catholic University of Korea\, Banpo-dong 505\, Seoul\, Korea",PRJNA1070224,SAMN39636592,Human,22193109695,CATHOLIC UNIVERSITY OF KOREA,2020-09-14,public,"fastq,run.zq,sra","gs,ncbi,s3","gs.us-east1,s3.us-east-1,ncbi.public",PMF(MF3),SRX23414222,South Korea,Asia,South Korea,Overt PMF,Illumina NovaSeq 6000,sample14,C14,PAIRED,PCR,TRANSCRIPTOMIC SINGLE CELL,Homo sapiens,ILLUMINA,2024-10-21T00:00:00Z,2024-01-28T18:49:00Z,1,MPN068,male,SRP486258,bone marrow aspirates
SRR27748976,61,RNA-Seq,127,56761801259,"The Catholic University of Korea\, Banpo-dong 505\, Seoul\, Korea",PRJNA1070224,SAMN39636591,Human,22543615006,CATHOLIC UNIVERSITY OF KOREA,2020-09-18,public,"sra,fastq,run.zq","ncbi,s3,gs","gs.us-east1,ncbi.public,s3.us-east-1",PMF(MF2),SRX23414221,South Korea,Asia,South Korea,Overt PMF,Illumina NovaSeq 6000,sample13,C13,PAIRED,PCR,TRANSCRIPTOMIC SINGLE CELL,Homo sapiens,ILLUMINA,2024-10-21T00:00:00Z,2024-01-28T18:59:00Z,1,MPN063,female,SRP486258,bone marrow aspirates
SRR27748977,53,RNA-Seq,127,56530341727,"The Catholic University of Korea\, Banpo-dong 505\, Seoul\, Korea",PRJNA1070224,SAMN39636590,Human,22446047284,CATHOLIC UNIVERSITY OF KOREA,2020-08-19,public,"run.zq,fastq,sra","s3,ncbi,gs","ncbi.public,s3.us-east-1,gs.us-east1",PMF(MF3),SRX23414220,South Korea,Asia,South Korea,Overt PMF,Illumina NovaSeq 6000,sample12,C12,PAIRED,PCR,TRANSCRIPTOMIC SINGLE CELL,Homo sapiens,ILLUMINA,2024-10-21T00:00:00Z,2024-01-28T18:51:00Z,1,MPN060,male,SRP486258,bone marrow aspirates
SRR27748978,61,RNA-Seq,127,57117765622,"The Catholic University of Korea\, Banpo-dong 505\, Seoul\, Korea",PRJNA1070224,SAMN39636589,Human,24214758283,CATHOLIC UNIVERSITY OF KOREA,2020-07-14,public,"sra,fastq,run.zq","ncbi,s3,gs","ncbi.public,gs.us-east1,s3.us-east-1",PMF(MF2),SRX23414219,South Korea,Asia,South Korea,Overt PMF,Illumina NovaSeq 6000,sample11,C11,PAIRED,PCR,TRANSCRIPTOMIC SINGLE CELL,Homo sapiens,ILLUMINA,2024-10-21T00:00:00Z,2024-01-28T18:33:00Z,1,MPN035,female,SRP486258,bone marrow aspirates
SRR27748979,51,RNA-Seq,127,56692596800,"The Catholic University of Korea\, Banpo-dong 505\, Seoul\, Korea",PRJNA1070224,SAMN39636580,Human,23455862165,CATHOLIC UNIVERSITY OF KOREA,2020-09-14,public,"fastq,sra,run.zq","s3,gs,ncbi","ncbi.public,s3.us-east-1,gs.us-east1",-,SRX23414218,South Korea,Asia,South Korea,Reactive,Illumina NovaSeq 6000,sample2,C02,PAIRED,PCR,TRANSCRIPTOMIC SINGLE CELL,Homo sapiens,ILLUMINA,2024-10-21T00:00:00Z,2024-01-28T18:58:00Z,1,MPN069,female,SRP486258,bone marrow aspirates
SRR27748980,39,RNA-Seq,127,57175433528,"The Catholic University of Korea\, Banpo-dong 505\, Seoul\, Korea",PRJNA1070224,SAMN39636579,Human,23368741597,CATHOLIC UNIVERSITY OF KOREA,2020-07-01,public,"run.zq,sra,fastq","s3,gs,ncbi","s3.us-east-1,ncbi.public,gs.us-east1",-,SRX23414217,South Korea,Asia,South Korea,Reactive,Illumina NovaSeq 6000,sample1,C01,PAIRED,PCR,TRANSCRIPTOMIC SINGLE CELL,Homo sapiens,ILLUMINA,2024-10-21T00:00:00Z,2024-01-28T18:47:00Z,1,MPN014,male,SRP486258,bone marrow aspirates
