"cell_type","pathway","NES","padj","size"
"MSC_stromal","EPITHELIAL_MESENCHYMAL_TRANSITION",2.28,2.74e-19,197
"MSC_stromal","COAGULATION",1.77,6.24e-05,131
"MSC_stromal","ANGIOGENESIS",1.77,0.00126,34
"MSC_stromal","TGF_BETA_SIGNALING",1.36,0.107,54
"MSC_stromal","HYPOXIA",1.19,0.15,196
"MSC_stromal","INFLAMMATORY_RESPONSE",-1.23,0.112,198
"Megakaryocyte","ANGIOGENESIS",1.48,0.114,34
"Megakaryocyte","INFLAMMATORY_RESPONSE",-1.01,0.815,198
"Megakaryocyte","TGF_BETA_SIGNALING",-1.02,0.815,54
"Megakaryocyte","HYPOXIA",-1.1,0.316,196
"Megakaryocyte","COAGULATION",NA,NA,131
"Megakaryocyte","EPITHELIAL_MESENCHYMAL_TRANSITION",NA,NA,197
"Megakaryocyte_mature","COAGULATION",1.23,0.000228,131
"Megakaryocyte_mature","TGF_BETA_SIGNALING",1.22,0.0125,54
"Megakaryocyte_mature","ANGIOGENESIS",1.22,0.0436,34
"Megakaryocyte_mature","EPITHELIAL_MESENCHYMAL_TRANSITION",1.1,0.0487,197
"Megakaryocyte_mature","HYPOXIA",1.01,0.615,196
"Megakaryocyte_mature","INFLAMMATORY_RESPONSE",0.9,1,198
"Megakaryocyte_prog","ANGIOGENESIS",1.01,0.726,34
"Megakaryocyte_prog","COAGULATION",-0.62,0.998,131
"Megakaryocyte_prog","EPITHELIAL_MESENCHYMAL_TRANSITION",-0.75,0.998,197
"Megakaryocyte_prog","HYPOXIA",-1.1,0.311,196
"Megakaryocyte_prog","INFLAMMATORY_RESPONSE",-1.17,0.03,198
"Megakaryocyte_prog","TGF_BETA_SIGNALING",-1.3,0.00972,54
