"cell_type","top_pathways"
"B_naive","EPITHELIAL_MESENCHYMAL_TRANSITION (NES=-1.36); GLYCOLYSIS (NES=-1.4); XENOBIOTIC_METABOLISM (NES=-1.4)"
"Cycling_progenitor","E2F_TARGETS (NES=1.41); G2M_CHECKPOINT (NES=1.38); MYC_TARGETS_V1 (NES=1.33)"
"Erythroblast","HEME_METABOLISM (NES=2.62); E2F_TARGETS (NES=2.35); G2M_CHECKPOINT (NES=2)"
"Erythroid_late","APICAL_JUNCTION (NES=-1.09); IL2_STAT5_SIGNALING (NES=-1.1); ADIPOGENESIS (NES=-1.11)"
"Erythroid_late_HBG","INTERFERON_GAMMA_RESPONSE (NES=-1.11); INFLAMMATORY_RESPONSE (NES=-1.11); APICAL_JUNCTION (NES=-1.11)"
"GMP_promyelocyte","G2M_CHECKPOINT (NES=1.34); E2F_TARGETS (NES=1.34); MYC_TARGETS_V1 (NES=1.3)"
"HSC_MPP","MYC_TARGETS_V1 (NES=1.31); OXIDATIVE_PHOSPHORYLATION (NES=1.21); PROTEIN_SECRETION (NES=1.19)"
"MEP","MYC_TARGETS_V1 (NES=1.41); OXIDATIVE_PHOSPHORYLATION (NES=1.28); MYC_TARGETS_V2 (NES=1.24)"
"MSC_stromal","EPITHELIAL_MESENCHYMAL_TRANSITION (NES=2.28); UV_RESPONSE_DN (NES=1.89); MYOGENESIS (NES=1.78)"
"Megakaryocyte","MITOTIC_SPINDLE (NES=-1.17); INTERFERON_GAMMA_RESPONSE (NES=-1.17); E2F_TARGETS (NES=-1.17)"
"Megakaryocyte_mature","PROTEIN_SECRETION (NES=1.27); HEDGEHOG_SIGNALING (NES=1.24); OXIDATIVE_PHOSPHORYLATION (NES=1.24)"
"Megakaryocyte_prog","ESTROGEN_RESPONSE_EARLY (NES=-1.17); INFLAMMATORY_RESPONSE (NES=-1.17); G2M_CHECKPOINT (NES=-1.18)"
"Monocyte_S100high","COAGULATION (NES=1.33); SPERMATOGENESIS (NES=-1.22); MYC_TARGETS_V1 (NES=-1.24)"
"Monocyte_classical","TNFA_SIGNALING_VIA_NFKB (NES=1.48); INFLAMMATORY_RESPONSE (NES=1.43); IL6_JAK_STAT3_SIGNALING (NES=1.43)"
"Monocyte_nonclassical","TNFA_SIGNALING_VIA_NFKB (NES=1.43); INTERFERON_ALPHA_RESPONSE (NES=1.41); TGF_BETA_SIGNALING (NES=1.4)"
"NK","ALLOGRAFT_REJECTION (NES=1.65); G2M_CHECKPOINT (NES=-1.43); FATTY_ACID_METABOLISM (NES=-1.51)"
"Neutrophil","G2M_CHECKPOINT (NES=-1.29); HEME_METABOLISM (NES=-1.31); UNFOLDED_PROTEIN_RESPONSE (NES=-1.32)"
"Plasma_cell","UNFOLDED_PROTEIN_RESPONSE (NES=1.86); COMPLEMENT (NES=-1.4); MITOTIC_SPINDLE (NES=-1.43)"
"Progenitor_G2M","MYC_TARGETS_V1 (NES=2.29); OXIDATIVE_PHOSPHORYLATION (NES=2.18); E2F_TARGETS (NES=2.13)"
"T_CD4_memory","ADIPOGENESIS (NES=-1.41); E2F_TARGETS (NES=-1.42); XENOBIOTIC_METABOLISM (NES=-1.49)"
"T_CD4_naive","MYOGENESIS (NES=-1.42); G2M_CHECKPOINT (NES=-1.43); FATTY_ACID_METABOLISM (NES=-1.43)"
"T_CD8_GZMK","ALLOGRAFT_REJECTION (NES=1.73); INTERFERON_GAMMA_RESPONSE (NES=1.44); G2M_CHECKPOINT (NES=-1.44)"
"T_memory","UV_RESPONSE_DN (NES=1.48); G2M_CHECKPOINT (NES=-1.25); GLYCOLYSIS (NES=-1.25)"
"cDC2","MYC_TARGETS_V1 (NES=1.24); OXIDATIVE_PHOSPHORYLATION (NES=1.24); TNFA_SIGNALING_VIA_NFKB (NES=1.22)"
"pDC","TNFA_SIGNALING_VIA_NFKB (NES=-1.34); EPITHELIAL_MESENCHYMAL_TRANSITION (NES=-1.35); FATTY_ACID_METABOLISM (NES=-1.37)"
