"name","contribution","contribution.scaled","group","contribution.relative.1","pvalues","comparison","category"
"CLEC",0,0,"Reactive",Inf,0,"PMF_vs_Reactive","Other"
"LAMININ",0,0,"Reactive",Inf,0,"PMF_vs_Reactive","Other"
"VISFATIN",0,0,"Reactive",Inf,0,"PMF_vs_Reactive","Other"
"PARs",0,0,"Reactive",Inf,0,"PMF_vs_Reactive","Other"
"SELPLG",0,0,"Reactive",Inf,0,"PMF_vs_Reactive","Other"
"MK",0,0,"Reactive",Inf,0,"PMF_vs_Reactive","Growth_factor"
"VWF",0,0,"Reactive",Inf,0,"PMF_vs_Reactive","Other"
"GRN",0,0,"Reactive",Inf,0,"PMF_vs_Reactive","Growth_factor"
"JAM",0,0,"Reactive",Inf,0,"PMF_vs_Reactive","Other"
"CCL",0,0,"Reactive",Inf,0,"PMF_vs_Reactive","Cytokine_chemokine"
"COLLAGEN",0,0,"Reactive",Inf,0,"PMF_vs_Reactive","Other"
"SEMA4",0,0,"Reactive",Inf,0,"PMF_vs_Reactive","Other"
"NECTIN",0,0,"Reactive",Inf,0,"PMF_vs_Reactive","Other"
"LCK",0,0,"Reactive",Inf,0,"PMF_vs_Reactive","Other"
"GP1BA",0,0,"Reactive",Inf,0,"PMF_vs_Reactive","Other"
"ADGRG",0,0,"Reactive",Inf,0,"PMF_vs_Reactive","Other"
"IL2",0,0,"Reactive",Inf,0,"PMF_vs_Reactive","Cytokine_chemokine"
"CD34",0,0,"Reactive",Inf,0,"PMF_vs_Reactive","Other"
"CD23",0,0,"Reactive",Inf,0,"PMF_vs_Reactive","Other"
"IL16",0,0,"Reactive",Inf,0,"PMF_vs_Reactive","Cytokine_chemokine"
"BMP",0,0,"Reactive",Inf,0,"PMF_vs_Reactive","Growth_factor"
"TNF",0,0,"Reactive",Inf,0,"PMF_vs_Reactive","Cytokine_chemokine"
"CD48",0,0,"Reactive",Inf,0,"PMF_vs_Reactive","Other"
"APRIL",0,0,"Reactive",Inf,0,"PMF_vs_Reactive","Cytokine_chemokine"
"NOTCH",0,0,"Reactive",Inf,0,"PMF_vs_Reactive","Other"
"ANGPTL",0,0,"Reactive",Inf,0,"PMF_vs_Reactive","Growth_factor"
"CXCL",0,0,"Reactive",Inf,0,"PMF_vs_Reactive","Cytokine_chemokine"
"SEMA3",0,0,"Reactive",Inf,0,"PMF_vs_Reactive","Other"
"SEMA7",0,0,"Reactive",Inf,0,"PMF_vs_Reactive","Other"
"PROS",0,0,"Reactive",Inf,0,"PMF_vs_Reactive","Growth_factor"
"HSPG",0,0,"Reactive",Inf,0,"PMF_vs_Reactive","Other"
"LAIR1",0,0,"Reactive",Inf,0,"PMF_vs_Reactive","Immune_checkpoint"
"CTSG",0,0,"Reactive",Inf,0,"PMF_vs_Reactive","Other"
"BTLA",0,0,"Reactive",Inf,0,"PMF_vs_Reactive","Immune_checkpoint"
"CD39",0,0,"Reactive",Inf,0,"PMF_vs_Reactive","Other"
"ANGPT",0,0,"Reactive",Inf,0,"PMF_vs_Reactive","Growth_factor"
"IL1",0,0,"Reactive",Inf,0,"PMF_vs_Reactive","Cytokine_chemokine"
"EPHB",0,0,"Reactive",Inf,0,"PMF_vs_Reactive","Other"
"GAS",0,0,"Reactive",Inf,0,"PMF_vs_Reactive","Growth_factor"
"ncWNT",0,0,"Reactive",Inf,0,"PMF_vs_Reactive","Other"
"GDF",0,0,"Reactive",Inf,0,"PMF_vs_Reactive","Growth_factor"
"PECAM1",0.0816280047973633,0.399108729567214,"Reactive",11.9,2.85441432442841e-17,"PMF_vs_Reactive","Other"
"MPZ",0.00134204875859525,0.151204542829147,"Reactive",6.3,0.00657897898498552,"PMF_vs_Reactive","Other"
"MHC-II",0.615570047527671,2.06097801668386,"Reactive",5.8,1.67132856965264e-11,"PMF_vs_Reactive","Other"
"ICAM",0.12525188359051,0.481364340465764,"Reactive",5.6,1.92191421183324e-08,"PMF_vs_Reactive","Other"
"SELL",0.029771173314047,0.284558596333967,"Reactive",5.5,7.62939453125e-06,"PMF_vs_Reactive","Other"
"RESISTIN",0.0683823301963872,0.37276701123005,"Reactive",5,2.3283064365387e-09,"PMF_vs_Reactive","Other"
"MHC-I",1.55912411230656,39.2614556764134,"Reactive",4.4,5.38814030571869e-14,"PMF_vs_Reactive","Other"
"NRXN",0.0228514799167013,0.264638519596197,"Reactive",4.3,0.0681152343750001,"PMF_vs_Reactive","Other"
"FLT3",0.0244081014873234,0.269335590339769,"Reactive",4,0.00927734375000001,"PMF_vs_Reactive","Growth_factor"
"ADGRE",1.35835501101116,38.4560924830511,"Reactive",3.9,2.21453779935957e-26,"PMF_vs_Reactive","Other"
"THBS",0.500521271134611,1.44486709091566,"Reactive",3.8,0.00195911736227572,"PMF_vs_Reactive","Other"
"TGFb",0.455748952301715,1.27256712596384,"Reactive",3.7,1.7786814303068e-19,"PMF_vs_Reactive","Growth_factor"
"PECAM2",0.0955841542801587,0.425940051943635,"Reactive",2.9,3.55615430258839e-07,"PMF_vs_Reactive","Other"
"PTPRM",0.00444508829460172,0.184639624795784,"Reactive",2.8,0.416365677908165,"PMF_vs_Reactive","Other"
"CD6",0.21037343824236,0.641489878128421,"Reactive",2.4,1.1092879503849e-08,"PMF_vs_Reactive","Other"
"CD86",0.0326845390070362,0.292324739802861,"Reactive",2.2,0.03125,"PMF_vs_Reactive","Immune_checkpoint"
"CSF",0.0017484563122138,0.157504573451936,"Reactive",1.6,0,"PMF_vs_Reactive","Cytokine_chemokine"
"BAFF",0.102426053066265,0.43886324033946,"Reactive",1.6,0.5185546875,"PMF_vs_Reactive","Cytokine_chemokine"
"GALECTIN",1.83714187532234,40.872182063138,"Reactive",1.6,3.32879854348815e-08,"PMF_vs_Reactive","Immune_checkpoint"
"ANNEXIN",0.177809300611566,0.579024161452941,"Reactive",1.5,0.00250482559204102,"PMF_vs_Reactive","Other"
"CypA",2.80974405156742,42.4829084498627,"Reactive",1.5,5.57510200140601e-12,"PMF_vs_Reactive","Other"
"APP",3.67926183633678,45.704361223312,"Reactive",1.4,1.99210211041093e-11,"PMF_vs_Reactive","Other"
"MIF",8.82236682938242,50.5365403834859,"Reactive",1.2,0.000684181254767034,"PMF_vs_Reactive","Cytokine_chemokine"
"NEGR",1.01914782484715,37.6507292896887,"Reactive",0.6,0.285155913812941,"PMF_vs_Reactive","Other"
"CD99",6.9811451983857,49.7311771901236,"Reactive",0.5,0.000119493464616097,"PMF_vs_Reactive","Other"
"ESAM",0.194808739172815,0.611345212464759,"Reactive",0.4,0.853923299287067,"PMF_vs_Reactive","Other"
"CD45",0.899952339475742,9.48645338836888,"Reactive",0.4,4.00468707084655e-08,"PMF_vs_Reactive","Other"
"ADGRL",0.00759825539923653,0.204924893959014,"Reactive",0.3,0,"PMF_vs_Reactive","Other"
"NCAM",0.0310699648374862,0.288058780715519,"Reactive",0.2,0,"PMF_vs_Reactive","Other"
"NRG",0.0419525401339146,0.31533642190323,"Reactive",0.2,0,"PMF_vs_Reactive","Growth_factor"
"CDH",0.0075058928450429,0.204412578525067,"Reactive",0,0,"PMF_vs_Reactive","Other"
"CD96",0.0174374433999197,0.246966298997046,"Reactive",0,0,"PMF_vs_Reactive","Immune_checkpoint"
"EGF",0.0286770814514448,0.281558717886092,"Reactive",0,0,"PMF_vs_Reactive","Growth_factor"
"SLIT",0.0509746108478901,0.335973232172621,"Reactive",0,0,"PMF_vs_Reactive","Other"
"CLEC",0.89957352313336,9.4487155285451,"PMF",Inf,0,"PMF_vs_Reactive","Other"
"LAMININ",0.757928373334703,3.60794103669547,"PMF",Inf,0,"PMF_vs_Reactive","Other"
"VISFATIN",0.565390252978638,1.75365043767228,"PMF",Inf,0,"PMF_vs_Reactive","Other"
"PARs",0.386573274207154,1.05215108375742,"PMF",Inf,0,"PMF_vs_Reactive","Other"
"SELPLG",0.298222618793356,0.826504321783901,"PMF",Inf,0,"PMF_vs_Reactive","Other"
"MK",0.273875627991244,0.77215236326556,"PMF",Inf,0,"PMF_vs_Reactive","Growth_factor"
"VWF",0.196867930192968,0.615300487648087,"PMF",Inf,0,"PMF_vs_Reactive","Other"
"GRN",0.182230911469323,0.587378187808122,"PMF",Inf,0,"PMF_vs_Reactive","Growth_factor"
"JAM",0.145525546156962,0.518832684016905,"PMF",Inf,0,"PMF_vs_Reactive","Other"
"CCL",0.134527185586736,0.498507225834367,"PMF",Inf,0,"PMF_vs_Reactive","Cytokine_chemokine"
"COLLAGEN",0.113160603752271,0.458937234135615,"PMF",Inf,0,"PMF_vs_Reactive","Other"
"SEMA4",0.109000088924688,0.451180757449373,"PMF",Inf,0,"PMF_vs_Reactive","Other"
"NECTIN",0.0788494726180765,0.393667518774137,"PMF",Inf,0,"PMF_vs_Reactive","Other"
"LCK",0.0549987305388347,0.34477466030911,"PMF",Inf,0,"PMF_vs_Reactive","Other"
"GP1BA",0.049870997287297,0.333520587145801,"PMF",Inf,0,"PMF_vs_Reactive","Other"
"ADGRG",0.0450316239834923,0.32254003832353,"PMF",Inf,0,"PMF_vs_Reactive","Other"
"IL2",0.0336711513195403,0.29488835928063,"PMF",Inf,0,"PMF_vs_Reactive","Cytokine_chemokine"
"CD34",0.0331930199897965,0.293649908836814,"PMF",Inf,0,"PMF_vs_Reactive","Other"
"CD23",0.0286756540619555,0.281554771948388,"PMF",Inf,0,"PMF_vs_Reactive","Other"
"IL16",0.0286451229476102,0.281470349844898,"PMF",Inf,0,"PMF_vs_Reactive","Cytokine_chemokine"
"BMP",0.0279190672289642,0.279450958538439,"PMF",Inf,0,"PMF_vs_Reactive","Growth_factor"
"TNF",0.0209940254579688,0.258831500075286,"PMF",Inf,0,"PMF_vs_Reactive","Cytokine_chemokine"
"CD48",0.0199550257965681,0.255475200945882,"PMF",Inf,0,"PMF_vs_Reactive","Other"
"APRIL",0.0176699049061455,0.247776676693054,"PMF",Inf,0,"PMF_vs_Reactive","Cytokine_chemokine"
"NOTCH",0.0154313249963623,0.239730212709469,"PMF",Inf,0,"PMF_vs_Reactive","Other"
"ANGPTL",0.0138267737429997,0.233582183375515,"PMF",Inf,0,"PMF_vs_Reactive","Growth_factor"
"CXCL",0.0136036762620851,0.232698017593782,"PMF",Inf,0,"PMF_vs_Reactive","Cytokine_chemokine"
"SEMA3",0.0127137314706582,0.229091261440428,"PMF",Inf,0,"PMF_vs_Reactive","Other"
"SEMA7",0.0121503129954749,0.226736785997511,"PMF",Inf,0,"PMF_vs_Reactive","Other"
"PROS",0.0120827400666485,0.22645044015203,"PMF",Inf,0,"PMF_vs_Reactive","Growth_factor"
"HSPG",0.0096731680698768,0.215591610970377,"PMF",Inf,0,"PMF_vs_Reactive","Other"
"LAIR1",0.00960039035791229,0.215241161234489,"PMF",Inf,0,"PMF_vs_Reactive","Immune_checkpoint"
"CTSG",0.00854257871812075,0.209965272705824,"PMF",Inf,0,"PMF_vs_Reactive","Other"
"BTLA",0.00725931051693716,0.203026292670479,"PMF",Inf,0,"PMF_vs_Reactive","Immune_checkpoint"
"CD39",0.00658277171424476,0.199072347181973,"PMF",Inf,0,"PMF_vs_Reactive","Other"
"ANGPT",0.00502775504102931,0.188936565891478,"PMF",Inf,0,"PMF_vs_Reactive","Growth_factor"
"IL1",0.0028275370083888,0.170405672101,"PMF",Inf,0,"PMF_vs_Reactive","Cytokine_chemokine"
"EPHB",0.00223972327040895,0.163896731036142,"PMF",Inf,0,"PMF_vs_Reactive","Other"
"GAS",0.00175425061343122,0.157586691830682,"PMF",Inf,0,"PMF_vs_Reactive","Growth_factor"
"ncWNT",0.00125059101226619,0.149607899472536,"PMF",Inf,0,"PMF_vs_Reactive","Other"
"GDF",0.00120486556569098,0.148778809796789,"PMF",Inf,0,"PMF_vs_Reactive","Growth_factor"
"PECAM1",0.971206756790653,34.2279357178988,"PMF",11.9,2.85441432442841e-17,"PMF_vs_Reactive","Other"
"MPZ",0.00845932211584516,0.209534391593384,"PMF",6.3,0.00657897898498552,"PMF_vs_Reactive","Other"
"MHC-II",3.57480986690562,44.8989980299497,"PMF",5.8,1.67132856965264e-11,"PMF_vs_Reactive","Other"
"ICAM",0.699600748724396,2.79919578059107,"PMF",5.6,1.92191421183324e-08,"PMF_vs_Reactive","Other"
"SELL",0.163474507479899,0.552151169862055,"PMF",5.5,7.62939453125e-06,"PMF_vs_Reactive","Other"
"RESISTIN",0.340940021893828,0.929325963019905,"PMF",5,2.3283064365387e-09,"PMF_vs_Reactive","Other"
"MHC-I",6.91978078567753,48.9258139967613,"PMF",4.4,5.38814030571869e-14,"PMF_vs_Reactive","Other"
"NRXN",0.0983962551224563,0.431266375181769,"PMF",4.3,0.0681152343750001,"PMF_vs_Reactive","Other"
"FLT3",0.0987869185001101,0.43200461488296,"PMF",4,0.00927734375000001,"PMF_vs_Reactive","Growth_factor"
"ADGRE",5.25668501414264,48.120450803399,"PMF",3.9,2.21453779935957e-26,"PMF_vs_Reactive","Other"
"THBS",1.9054079216845,41.6775452565004,"PMF",3.8,0.00195911736227572,"PMF_vs_Reactive","Other"
"TGFb",1.69608939278469,40.0668188697757,"PMF",3.7,1.7786814303068e-19,"PMF_vs_Reactive","Growth_factor"
"PECAM2",0.273301087729899,0.770902319059066,"PMF",2.9,3.55615430258839e-07,"PMF_vs_Reactive","Other"
"PTPRM",0.0122294041033856,0.227070837835211,"PMF",2.8,0.416365677908165,"PMF_vs_Reactive","Other"
"CD6",0.509894797908449,1.48466889369797,"PMF",2.4,1.1092879503849e-08,"PMF_vs_Reactive","Other"
"CD86",0.0718696880993516,0.379809236566891,"PMF",2.2,0.03125,"PMF_vs_Reactive","Immune_checkpoint"
"CSF",0.0027120956839832,0.16920377496542,"PMF",1.6,0,"PMF_vs_Reactive","Cytokine_chemokine"
"BAFF",0.163685388996218,0.552544478740043,"PMF",1.6,0.5185546875,"PMF_vs_Reactive","Cytokine_chemokine"
"GALECTIN",2.95633215477651,43.288271643225,"PMF",1.6,3.32879854348815e-08,"PMF_vs_Reactive","Immune_checkpoint"
"ANNEXIN",0.275135861796659,0.77489930042275,"PMF",1.5,0.00250482559204102,"PMF_vs_Reactive","Other"
"CypA",4.32177508343239,46.5097244166743,"PMF",1.5,5.57510200140601e-12,"PMF_vs_Reactive","Other"
"APP",5.0799803201976,47.3150876100366,"PMF",1.4,1.99210211041093e-11,"PMF_vs_Reactive","Other"
"MIF",10.2234270266465,51.3419035768483,"PMF",1.2,0.000684181254767034,"PMF_vs_Reactive","Cytokine_chemokine"
"NEGR",0.577277555013556,1.82006112423772,"PMF",0.6,0.285155913812941,"PMF_vs_Reactive","Other"
"CD99",3.33852727950647,44.0936348365873,"PMF",0.5,0.000119493464616097,"PMF_vs_Reactive","Other"
"ESAM",0.0733891658132655,0.382851476104702,"PMF",0.4,0.853923299287067,"PMF_vs_Reactive","Other"
"CD45",0.40441615932319,1.10459298904267,"PMF",0.4,4.00468707084655e-08,"PMF_vs_Reactive","Other"
"ADGRL",0.00208776375916382,0.16203091473388,"PMF",0.3,0,"PMF_vs_Reactive","Other"
"NCAM",0.00689937638700005,0.20095153565768,"PMF",0.2,0,"PMF_vs_Reactive","Other"
"NRG",0.00861881225390574,0.210357675655931,"PMF",0.2,0,"PMF_vs_Reactive","Growth_factor"
"CDH",0,0,"PMF",0,0,"PMF_vs_Reactive","Other"
"CD96",0,0,"PMF",0,0,"PMF_vs_Reactive","Immune_checkpoint"
"EGF",0,0,"PMF",0,0,"PMF_vs_Reactive","Growth_factor"
"SLIT",0,0,"PMF",0,0,"PMF_vs_Reactive","Other"
"VWF",0,0,"PrePMF",Inf,0,"PMF_vs_PrePMF","Other"
"GP1BA",0,0,"PrePMF",Inf,0,"PMF_vs_PrePMF","Other"
"CD34",0,0,"PrePMF",Inf,0,"PMF_vs_PrePMF","Other"
"TNF",0,0,"PrePMF",Inf,0,"PMF_vs_PrePMF","Cytokine_chemokine"
"SEMA7",0,0,"PrePMF",Inf,0,"PMF_vs_PrePMF","Other"
"NRG",0,0,"PrePMF",Inf,0,"PMF_vs_PrePMF","Growth_factor"
"CTSG",0,0,"PrePMF",Inf,0,"PMF_vs_PrePMF","Other"
"CD39",0,0,"PrePMF",Inf,0,"PMF_vs_PrePMF","Other"
"EPHB",0,0,"PrePMF",Inf,0,"PMF_vs_PrePMF","Other"
"GDF",0,0,"PrePMF",Inf,0,"PMF_vs_PrePMF","Growth_factor"
"JAM",0.00796177443042555,0.206906395378377,"PrePMF",18.28,4.03599908093919e-08,"PMF_vs_PrePMF","Other"
"PROS",0.000929800309037999,0.143255378148511,"PrePMF",12.99,0.15625,"PMF_vs_PrePMF","Growth_factor"
"HSPG",0.00162459923431934,0.15570275060212,"PrePMF",5.95,0.375,"PMF_vs_PrePMF","Other"
"LCK",0.0166626607581415,0.244224997961974,"PrePMF",3.3,0.0625,"PMF_vs_PrePMF","Other"
"NEGR",0.17750333352879,0.578447322393777,"PrePMF",3.25,1.74178319934863e-07,"PMF_vs_PrePMF","Other"
"PARs",0.134282852703109,0.498055873101306,"PrePMF",2.88,0.0067138671875,"PMF_vs_PrePMF","Other"
"ESAM",0.0258161439199593,0.273466483752425,"PrePMF",2.84,0.197466073358019,"PMF_vs_PrePMF","Other"
"BTLA",0.00304351620663907,0.172570243350785,"PrePMF",2.39,0.109375,"PMF_vs_PrePMF","Immune_checkpoint"
"SELPLG",0.140897999760318,0.51027722405569,"PrePMF",2.12,3.23551566228523e-08,"PMF_vs_PrePMF","Other"
"NECTIN",0.0373902351427386,0.304289350833543,"PrePMF",2.11,0.931991407589521,"PMF_vs_PrePMF","Other"
"PECAM1",0.469151947551799,1.32130316570813,"PrePMF",2.07,1.43455916362911e-06,"PMF_vs_PrePMF","Other"
"GRN",0.0905393390776904,0.416324788247268,"PrePMF",2.01,2.08112983273168e-05,"PMF_vs_PrePMF","Growth_factor"
"SELL",0.0837449635294877,0.403229180724353,"PrePMF",1.95,0.00400543212890625,"PMF_vs_PrePMF","Other"
"CLEC",0.468520262134583,1.31895508861933,"PrePMF",1.92,1.75889240949801e-08,"PMF_vs_PrePMF","Other"
"THBS",0.996119631893191,257.20718531404,"PrePMF",1.91,0.404141895997959,"PMF_vs_PrePMF","Other"
"VISFATIN",0.300294377132319,0.831260703683138,"PrePMF",1.88,8.26944286556987e-08,"PMF_vs_PrePMF","Other"
"CD48",0.0108493097804027,0.221060240401914,"PrePMF",1.84,0.037109375,"PMF_vs_PrePMF","Other"
"ADGRE",2.8869757450404,315.663363794504,"PrePMF",1.82,1.7726239427338e-19,"PMF_vs_PrePMF","Other"
"ANNEXIN",0.155316767977638,0.536973704858386,"PrePMF",1.77,2.27093696594239e-05,"PMF_vs_PrePMF","Other"
"MHC-I",4.39787111169288,353.075318022001,"PrePMF",1.57,9.26809918895958e-05,"PMF_vs_PrePMF","Other"
"RESISTIN",0.218772783509728,0.658015254941853,"PrePMF",1.56,0.000675843213684857,"PMF_vs_PrePMF","Other"
"GALECTIN",2.00845777747964,310.986869516067,"PrePMF",1.47,4.62547446019136e-08,"PMF_vs_PrePMF","Immune_checkpoint"
"CypA",2.96893772764897,325.016352351378,"PrePMF",1.46,5.437834443494e-11,"PMF_vs_PrePMF","Other"
"FLT3",0.0679730775547783,0.371934759581633,"PrePMF",1.45,0.00341796875,"PMF_vs_PrePMF","Growth_factor"
"MIF",7.28563428211881,376.457789414186,"PrePMF",1.4,3.33051344161157e-12,"PMF_vs_PrePMF","Cytokine_chemokine"
"CD6",0.417267527591876,1.14412848546905,"PrePMF",1.22,0.0116241025276622,"PMF_vs_PrePMF","Other"
"TGFb",1.45437233595888,296.957386680756,"PrePMF",1.17,0.0145370873533945,"PMF_vs_PrePMF","Growth_factor"
"PECAM2",0.250786974411956,0.72298664803603,"PrePMF",1.09,0.0611100390524196,"PMF_vs_PrePMF","Other"
"CCL",0.131217091999628,0.49239201731751,"PrePMF",1.03,0.380983650684357,"PMF_vs_PrePMF","Cytokine_chemokine"
"ADGRG",0.0472802775713589,0.327690284342473,"PrePMF",0.95,0.679428100585938,"PMF_vs_PrePMF","Other"
"IL2",0.035899646874004,0.300568571748687,"PrePMF",0.94,0.7001953125,"PMF_vs_PrePMF","Cytokine_chemokine"
"CD99",3.59937550798804,343.722329465127,"PrePMF",0.93,0.16257146609906,"PMF_vs_PrePMF","Other"
"ICAM",0.773150238980107,3.88678735321394,"PrePMF",0.9,0.124429045963841,"PMF_vs_PrePMF","Other"
"IL16",0.0333492341979928,0.294055335914711,"PrePMF",0.86,0.803368221968413,"PMF_vs_PrePMF","Cytokine_chemokine"
"CD86",0.08869642115989,0.412790607892179,"PrePMF",0.81,0.09375,"PMF_vs_PrePMF","Immune_checkpoint"
"APRIL",0.02264776799752,0.264012881342383,"PrePMF",0.78,0,"PMF_vs_PrePMF","Cytokine_chemokine"
"SEMA4",0.144857519289675,0.517597099190314,"PrePMF",0.75,0.214337407723824,"PMF_vs_PrePMF","Other"
"APP",6.79479128370598,367.104800857312,"PrePMF",0.75,3.43587816573766e-05,"PMF_vs_PrePMF","Other"
"ANGPT",0.00732741827593582,0.20341194910305,"PrePMF",0.69,0.3575439453125,"PMF_vs_PrePMF","Growth_factor"
"BAFF",0.249293855668182,0.719878690889793,"PrePMF",0.66,0.00042724609375,"PMF_vs_PrePMF","Cytokine_chemokine"
"MPZ",0.0143986750225416,0.235814624945702,"PrePMF",0.59,0.0899042530533278,"PMF_vs_PrePMF","Other"
"LAMININ",1.30812996894015,287.604398123881,"PrePMF",0.58,0.2136995006377,"PMF_vs_PrePMF","Other"
"CD23",0.054372965195515,0.343419776861942,"PrePMF",0.53,0.15625,"PMF_vs_PrePMF","Other"
"LAIR1",0.0185771002001133,0.250889048625377,"PrePMF",0.52,0.00244140625,"PMF_vs_PrePMF","Immune_checkpoint"
"MHC-II",7.55657315954785,381.134283692623,"PrePMF",0.47,2.06015999184962e-06,"PMF_vs_PrePMF","Other"
"SEMA3",0.031076371007196,0.288075888782335,"PrePMF",0.41,0.02685546875,"PMF_vs_PrePMF","Other"
"CD45",1.09082213701833,282.927903845444,"PrePMF",0.37,8.00937414169312e-08,"PMF_vs_PrePMF","Other"
"MK",0.840042555524904,5.73714488982299,"PrePMF",0.33,0.0753441015258433,"PMF_vs_PrePMF","Growth_factor"
"NRXN",0.315171999769971,0.866073241590151,"PrePMF",0.31,0.167806625366211,"PMF_vs_PrePMF","Other"
"ANGPTL",0.046939045057396,0.326914323444387,"PrePMF",0.29,0.0625,"PMF_vs_PrePMF","Growth_factor"
"NOTCH",0.0531447077427243,0.340746065067819,"PrePMF",0.29,0.0238542556762695,"PMF_vs_PrePMF","Other"
"GAS",0.00636043975021874,0.197719981713673,"PrePMF",0.28,0.625,"PMF_vs_PrePMF","Growth_factor"
"IL1",0.0107488991364331,0.22060679535426,"PrePMF",0.26,0.0546875,"PMF_vs_PrePMF","Cytokine_chemokine"
"ncWNT",0.00508994647606976,0.189376437712002,"PrePMF",0.25,0.3125,"PMF_vs_PrePMF","Other"
"CSF",0.0125410453349894,0.228375762106394,"PrePMF",0.22,0.4375,"PMF_vs_PrePMF","Cytokine_chemokine"
"BMP",0.131975270459162,0.493792846413564,"PrePMF",0.21,0.49609375,"PMF_vs_PrePMF","Growth_factor"
"PTPRM",0.141483977789019,0.511360173195839,"PrePMF",0.09,0.799142768042073,"PMF_vs_PrePMF","Other"
"NCAM",0.176472540835018,0.576505113802904,"PrePMF",0.04,0.00249720955143559,"PMF_vs_PrePMF","Other"
"CXCL",0.391137284017539,1.06530685717516,"PrePMF",0.03,0.0029296875,"PMF_vs_PrePMF","Cytokine_chemokine"
"COLLAGEN",3.37270735692276,334.369340908252,"PrePMF",0.03,2.46069686887886e-12,"PMF_vs_PrePMF","Other"
"ADGRL",0.111548166724124,0.455934231706345,"PrePMF",0.02,0.3125,"PMF_vs_PrePMF","Other"
"CHEMERIN",0.000469744614154194,0.130491721506911,"PrePMF",0,0,"PMF_vs_PrePMF","Cytokine_chemokine"
"OCLN",0.000476344700942795,0.130729740662428,"PrePMF",0,0,"PMF_vs_PrePMF","Other"
"EPGN",0.000849216361267337,0.141418781288751,"PrePMF",0,0,"PMF_vs_PrePMF","Growth_factor"
"ApoB",0.000885016079453431,0.142249438133325,"PrePMF",0,0,"PMF_vs_PrePMF","Other"
"CADM",0.00113767784763349,0.147519473264638,"PrePMF",0,0,"PMF_vs_PrePMF","Other"
"TRAIL",0.00188701664694657,0.159419504083367,"PrePMF",0,0,"PMF_vs_PrePMF","Cytokine_chemokine"
"FLRT",0.00234630786068292,0.165155158141536,"PrePMF",0,0,"PMF_vs_PrePMF","Other"
"SLIT",0.00398017544751397,0.180948661700877,"PrePMF",0,0,"PMF_vs_PrePMF","Other"
"GAP",0.00469000787777844,0.186486410802658,"PrePMF",0,0,"PMF_vs_PrePMF","Other"
"EPHA",0.00500373094768863,0.188765740763149,"PrePMF",0,0,"PMF_vs_PrePMF","Other"
"FGF",0.00631092440062383,0.197414925952818,"PrePMF",0,0,"PMF_vs_PrePMF","Growth_factor"
"SLITRK",0.00770637332852928,0.205519954091283,"PrePMF",0,0,"PMF_vs_PrePMF","Other"
"UNC5",0.00860209098499116,0.210271777708402,"PrePMF",0,0,"PMF_vs_PrePMF","Other"
"EGF",0.0130103517747261,0.230308085879482,"PrePMF",0,0,"PMF_vs_PrePMF","Growth_factor"
"CDH",0.0157565986689685,0.240935057102112,"PrePMF",0,0,"PMF_vs_PrePMF","Other"
"CDH1",0.0190980661908736,0.252642118925112,"PrePMF",0,0,"PMF_vs_PrePMF","Other"
"IGFBP",0.0237021211076687,0.26722315092363,"PrePMF",0,0,"PMF_vs_PrePMF","Growth_factor"
"KIT",0.0269050297576786,0.276591352232594,"PrePMF",0,0,"PMF_vs_PrePMF","Growth_factor"
"Netrin",0.0272985630654513,0.27770671470136,"PrePMF",0,0,"PMF_vs_PrePMF","Other"
"CD96",0.0288717840027035,0.282096161224322,"PrePMF",0,0,"PMF_vs_PrePMF","Immune_checkpoint"
"CD46",0.0311767311693666,0.288343711938578,"PrePMF",0,0,"PMF_vs_PrePMF","Other"
"CNTN",0.0328862249084297,0.292851374538701,"PrePMF",0,0,"PMF_vs_PrePMF","Other"
"PDGF",0.06226416608863,0.360182644058274,"PrePMF",0,0,"PMF_vs_PrePMF","Growth_factor"
"IGF",0.0850734249052049,0.405804535066083,"PrePMF",0,0,"PMF_vs_PrePMF","Growth_factor"
"THY1",0.0990832197944501,0.43256427279032,"PrePMF",0,0,"PMF_vs_PrePMF","Other"
"TENASCIN",0.168173081509094,0.560927501256939,"PrePMF",0,0,"PMF_vs_PrePMF","Other"
"VCAM",0.415206107582292,1.1376820064976,"PrePMF",0,0,"PMF_vs_PrePMF","Other"
"FN1",1.3876993634274,292.280892402318,"PrePMF",0,0,"PMF_vs_PrePMF","Other"
"VWF",0.196867930192968,0.615300487648087,"PMF",Inf,0,"PMF_vs_PrePMF","Other"
"GP1BA",0.049870997287297,0.333520587145801,"PMF",Inf,0,"PMF_vs_PrePMF","Other"
"CD34",0.0331930199897965,0.293649908836814,"PMF",Inf,0,"PMF_vs_PrePMF","Other"
"TNF",0.0209940254579688,0.258831500075286,"PMF",Inf,0,"PMF_vs_PrePMF","Cytokine_chemokine"
"SEMA7",0.0121503129954749,0.226736785997511,"PMF",Inf,0,"PMF_vs_PrePMF","Other"
"NRG",0.00861881225390574,0.210357675655931,"PMF",Inf,0,"PMF_vs_PrePMF","Growth_factor"
"CTSG",0.00854257871812075,0.209965272705824,"PMF",Inf,0,"PMF_vs_PrePMF","Other"
"CD39",0.00658277171424476,0.199072347181973,"PMF",Inf,0,"PMF_vs_PrePMF","Other"
"EPHB",0.00223972327040895,0.163896731036142,"PMF",Inf,0,"PMF_vs_PrePMF","Other"
"GDF",0.00120486556569098,0.148778809796789,"PMF",Inf,0,"PMF_vs_PrePMF","Growth_factor"
"JAM",0.145525546156962,0.518832684016905,"PMF",18.28,4.03599908093919e-08,"PMF_vs_PrePMF","Other"
"PROS",0.0120827400666485,0.22645044015203,"PMF",12.99,0.15625,"PMF_vs_PrePMF","Growth_factor"
"HSPG",0.0096731680698768,0.215591610970377,"PMF",5.95,0.375,"PMF_vs_PrePMF","Other"
"LCK",0.0549987305388347,0.34477466030911,"PMF",3.3,0.0625,"PMF_vs_PrePMF","Other"
"NEGR",0.577277555013556,1.82006112423772,"PMF",3.25,1.74178319934863e-07,"PMF_vs_PrePMF","Other"
"PARs",0.386573274207154,1.05215108375742,"PMF",2.88,0.0067138671875,"PMF_vs_PrePMF","Other"
"ESAM",0.0733891658132655,0.382851476104702,"PMF",2.84,0.197466073358019,"PMF_vs_PrePMF","Other"
"BTLA",0.00725931051693716,0.203026292670479,"PMF",2.39,0.109375,"PMF_vs_PrePMF","Immune_checkpoint"
"SELPLG",0.298222618793356,0.826504321783901,"PMF",2.12,3.23551566228523e-08,"PMF_vs_PrePMF","Other"
"NECTIN",0.0788494726180765,0.393667518774137,"PMF",2.11,0.931991407589521,"PMF_vs_PrePMF","Other"
"PECAM1",0.971206756790653,34.2279357178988,"PMF",2.07,1.43455916362911e-06,"PMF_vs_PrePMF","Other"
"GRN",0.182230911469323,0.587378187808122,"PMF",2.01,2.08112983273168e-05,"PMF_vs_PrePMF","Growth_factor"
"SELL",0.163474507479899,0.552151169862055,"PMF",1.95,0.00400543212890625,"PMF_vs_PrePMF","Other"
"CLEC",0.89957352313336,9.4487155285451,"PMF",1.92,1.75889240949801e-08,"PMF_vs_PrePMF","Other"
"THBS",1.9054079216845,306.31037523763,"PMF",1.91,0.404141895997959,"PMF_vs_PrePMF","Other"
"VISFATIN",0.565390252978638,1.75365043767228,"PMF",1.88,8.26944286556987e-08,"PMF_vs_PrePMF","Other"
"CD48",0.0199550257965681,0.255475200945882,"PMF",1.84,0.037109375,"PMF_vs_PrePMF","Other"
"ADGRE",5.25668501414264,362.428306578875,"PMF",1.82,1.7726239427338e-19,"PMF_vs_PrePMF","Other"
"ANNEXIN",0.275135861796659,0.77489930042275,"PMF",1.77,2.27093696594239e-05,"PMF_vs_PrePMF","Other"
"MHC-I",6.91978078567753,371.781295135749,"PMF",1.57,9.26809918895958e-05,"PMF_vs_PrePMF","Other"
"RESISTIN",0.340940021893828,0.929325963019905,"PMF",1.56,0.000675843213684857,"PMF_vs_PrePMF","Other"
"GALECTIN",2.95633215477651,320.339858072941,"PMF",1.47,4.62547446019136e-08,"PMF_vs_PrePMF","Immune_checkpoint"
"CypA",4.32177508343239,348.398823743564,"PMF",1.46,5.437834443494e-11,"PMF_vs_PrePMF","Other"
"FLT3",0.0987869185001101,0.43200461488296,"PMF",1.45,0.00341796875,"PMF_vs_PrePMF","Growth_factor"
"MIF",10.2234270266465,385.81077797106,"PMF",1.4,3.33051344161157e-12,"PMF_vs_PrePMF","Cytokine_chemokine"
"CD6",0.509894797908449,1.48466889369797,"PMF",1.22,0.0116241025276622,"PMF_vs_PrePMF","Other"
"TGFb",1.69608939278469,301.633880959193,"PMF",1.17,0.0145370873533945,"PMF_vs_PrePMF","Growth_factor"
"PECAM2",0.273301087729899,0.770902319059066,"PMF",1.09,0.0611100390524196,"PMF_vs_PrePMF","Other"
"CCL",0.134527185586736,0.498507225834367,"PMF",1.03,0.380983650684357,"PMF_vs_PrePMF","Cytokine_chemokine"
"ADGRG",0.0450316239834923,0.32254003832353,"PMF",0.95,0.679428100585938,"PMF_vs_PrePMF","Other"
"IL2",0.0336711513195403,0.29488835928063,"PMF",0.94,0.7001953125,"PMF_vs_PrePMF","Cytokine_chemokine"
"CD99",3.33852727950647,329.692846629815,"PMF",0.93,0.16257146609906,"PMF_vs_PrePMF","Other"
"ICAM",0.699600748724396,2.79919578059107,"PMF",0.9,0.124429045963841,"PMF_vs_PrePMF","Other"
"IL16",0.0286451229476102,0.281470349844898,"PMF",0.86,0.803368221968413,"PMF_vs_PrePMF","Cytokine_chemokine"
"CD86",0.0718696880993516,0.379809236566891,"PMF",0.81,0.09375,"PMF_vs_PrePMF","Immune_checkpoint"
"APRIL",0.0176699049061455,0.247776676693054,"PMF",0.78,0,"PMF_vs_PrePMF","Cytokine_chemokine"
"SEMA4",0.109000088924688,0.451180757449373,"PMF",0.75,0.214337407723824,"PMF_vs_PrePMF","Other"
"APP",5.0799803201976,357.751812300438,"PMF",0.75,3.43587816573766e-05,"PMF_vs_PrePMF","Other"
"ANGPT",0.00502775504102931,0.188936565891478,"PMF",0.69,0.3575439453125,"PMF_vs_PrePMF","Growth_factor"
"BAFF",0.163685388996218,0.552544478740043,"PMF",0.66,0.00042724609375,"PMF_vs_PrePMF","Cytokine_chemokine"
"MPZ",0.00845932211584516,0.209534391593384,"PMF",0.59,0.0899042530533278,"PMF_vs_PrePMF","Other"
"LAMININ",0.757928373334703,3.60794103669547,"PMF",0.58,0.2136995006377,"PMF_vs_PrePMF","Other"
"CD23",0.0286756540619555,0.281554771948388,"PMF",0.53,0.15625,"PMF_vs_PrePMF","Other"
"LAIR1",0.00960039035791229,0.215241161234489,"PMF",0.52,0.00244140625,"PMF_vs_PrePMF","Immune_checkpoint"
"MHC-II",3.57480986690562,339.045835186689,"PMF",0.47,2.06015999184962e-06,"PMF_vs_PrePMF","Other"
"SEMA3",0.0127137314706582,0.229091261440428,"PMF",0.41,0.02685546875,"PMF_vs_PrePMF","Other"
"CD45",0.40441615932319,1.10459298904267,"PMF",0.37,8.00937414169312e-08,"PMF_vs_PrePMF","Other"
"MK",0.273875627991244,0.77215236326556,"PMF",0.33,0.0753441015258433,"PMF_vs_PrePMF","Growth_factor"
"NRXN",0.0983962551224563,0.431266375181769,"PMF",0.31,0.167806625366211,"PMF_vs_PrePMF","Other"
"ANGPTL",0.0138267737429997,0.233582183375515,"PMF",0.29,0.0625,"PMF_vs_PrePMF","Growth_factor"
"NOTCH",0.0154313249963623,0.239730212709469,"PMF",0.29,0.0238542556762695,"PMF_vs_PrePMF","Other"
"GAS",0.00175425061343122,0.157586691830682,"PMF",0.28,0.625,"PMF_vs_PrePMF","Growth_factor"
"IL1",0.0028275370083888,0.170405672101,"PMF",0.26,0.0546875,"PMF_vs_PrePMF","Cytokine_chemokine"
"ncWNT",0.00125059101226619,0.149607899472536,"PMF",0.25,0.3125,"PMF_vs_PrePMF","Other"
"CSF",0.0027120956839832,0.16920377496542,"PMF",0.22,0.4375,"PMF_vs_PrePMF","Cytokine_chemokine"
"BMP",0.0279190672289642,0.279450958538439,"PMF",0.21,0.49609375,"PMF_vs_PrePMF","Growth_factor"
"PTPRM",0.0122294041033856,0.227070837835211,"PMF",0.09,0.799142768042073,"PMF_vs_PrePMF","Other"
"NCAM",0.00689937638700005,0.20095153565768,"PMF",0.04,0.00249720955143559,"PMF_vs_PrePMF","Other"
"CXCL",0.0136036762620851,0.232698017593782,"PMF",0.03,0.0029296875,"PMF_vs_PrePMF","Cytokine_chemokine"
"COLLAGEN",0.113160603752271,0.458937234135615,"PMF",0.03,2.46069686887886e-12,"PMF_vs_PrePMF","Other"
"ADGRL",0.00208776375916382,0.16203091473388,"PMF",0.02,0.3125,"PMF_vs_PrePMF","Other"
"CHEMERIN",0,0,"PMF",0,0,"PMF_vs_PrePMF","Cytokine_chemokine"
"OCLN",0,0,"PMF",0,0,"PMF_vs_PrePMF","Other"
"EPGN",0,0,"PMF",0,0,"PMF_vs_PrePMF","Growth_factor"
"ApoB",0,0,"PMF",0,0,"PMF_vs_PrePMF","Other"
"CADM",0,0,"PMF",0,0,"PMF_vs_PrePMF","Other"
"TRAIL",0,0,"PMF",0,0,"PMF_vs_PrePMF","Cytokine_chemokine"
"FLRT",0,0,"PMF",0,0,"PMF_vs_PrePMF","Other"
"SLIT",0,0,"PMF",0,0,"PMF_vs_PrePMF","Other"
"GAP",0,0,"PMF",0,0,"PMF_vs_PrePMF","Other"
"EPHA",0,0,"PMF",0,0,"PMF_vs_PrePMF","Other"
"FGF",0,0,"PMF",0,0,"PMF_vs_PrePMF","Growth_factor"
"SLITRK",0,0,"PMF",0,0,"PMF_vs_PrePMF","Other"
"UNC5",0,0,"PMF",0,0,"PMF_vs_PrePMF","Other"
"EGF",0,0,"PMF",0,0,"PMF_vs_PrePMF","Growth_factor"
"CDH",0,0,"PMF",0,0,"PMF_vs_PrePMF","Other"
"CDH1",0,0,"PMF",0,0,"PMF_vs_PrePMF","Other"
"IGFBP",0,0,"PMF",0,0,"PMF_vs_PrePMF","Growth_factor"
"KIT",0,0,"PMF",0,0,"PMF_vs_PrePMF","Growth_factor"
"Netrin",0,0,"PMF",0,0,"PMF_vs_PrePMF","Other"
"CD96",0,0,"PMF",0,0,"PMF_vs_PrePMF","Immune_checkpoint"
"CD46",0,0,"PMF",0,0,"PMF_vs_PrePMF","Other"
"CNTN",0,0,"PMF",0,0,"PMF_vs_PrePMF","Other"
"PDGF",0,0,"PMF",0,0,"PMF_vs_PrePMF","Growth_factor"
"IGF",0,0,"PMF",0,0,"PMF_vs_PrePMF","Growth_factor"
"THY1",0,0,"PMF",0,0,"PMF_vs_PrePMF","Other"
"TENASCIN",0,0,"PMF",0,0,"PMF_vs_PrePMF","Other"
"VCAM",0,0,"PMF",0,0,"PMF_vs_PrePMF","Other"
"FN1",0,0,"PMF",0,0,"PMF_vs_PrePMF","Other"
"COLLAGEN",0,0,"Reactive",Inf,0,"PrePMF_vs_Reactive","Other"
"FN1",0,0,"Reactive",Inf,0,"PrePMF_vs_Reactive","Other"
"LAMININ",0,0,"Reactive",Inf,0,"PrePMF_vs_Reactive","Other"
"MK",0,0,"Reactive",Inf,0,"PrePMF_vs_Reactive","Growth_factor"
"CLEC",0,0,"Reactive",Inf,0,"PrePMF_vs_Reactive","Other"
"VCAM",0,0,"Reactive",Inf,0,"PrePMF_vs_Reactive","Other"
"CXCL",0,0,"Reactive",Inf,0,"PrePMF_vs_Reactive","Cytokine_chemokine"
"VISFATIN",0,0,"Reactive",Inf,0,"PrePMF_vs_Reactive","Other"
"TENASCIN",0,0,"Reactive",Inf,0,"PrePMF_vs_Reactive","Other"
"SEMA4",0,0,"Reactive",Inf,0,"PrePMF_vs_Reactive","Other"
"SELPLG",0,0,"Reactive",Inf,0,"PrePMF_vs_Reactive","Other"
"PARs",0,0,"Reactive",Inf,0,"PrePMF_vs_Reactive","Other"
"BMP",0,0,"Reactive",Inf,0,"PrePMF_vs_Reactive","Growth_factor"
"CCL",0,0,"Reactive",Inf,0,"PrePMF_vs_Reactive","Cytokine_chemokine"
"THY1",0,0,"Reactive",Inf,0,"PrePMF_vs_Reactive","Other"
"GRN",0,0,"Reactive",Inf,0,"PrePMF_vs_Reactive","Growth_factor"
"IGF",0,0,"Reactive",Inf,0,"PrePMF_vs_Reactive","Growth_factor"
"PDGF",0,0,"Reactive",Inf,0,"PrePMF_vs_Reactive","Growth_factor"
"CD23",0,0,"Reactive",Inf,0,"PrePMF_vs_Reactive","Other"
"NOTCH",0,0,"Reactive",Inf,0,"PrePMF_vs_Reactive","Other"
"ADGRG",0,0,"Reactive",Inf,0,"PrePMF_vs_Reactive","Other"
"ANGPTL",0,0,"Reactive",Inf,0,"PrePMF_vs_Reactive","Growth_factor"
"NECTIN",0,0,"Reactive",Inf,0,"PrePMF_vs_Reactive","Other"
"IL2",0,0,"Reactive",Inf,0,"PrePMF_vs_Reactive","Cytokine_chemokine"
"IL16",0,0,"Reactive",Inf,0,"PrePMF_vs_Reactive","Cytokine_chemokine"
"CNTN",0,0,"Reactive",Inf,0,"PrePMF_vs_Reactive","Other"
"CD46",0,0,"Reactive",Inf,0,"PrePMF_vs_Reactive","Other"
"SEMA3",0,0,"Reactive",Inf,0,"PrePMF_vs_Reactive","Other"
"Netrin",0,0,"Reactive",Inf,0,"PrePMF_vs_Reactive","Other"
"KIT",0,0,"Reactive",Inf,0,"PrePMF_vs_Reactive","Growth_factor"
"IGFBP",0,0,"Reactive",Inf,0,"PrePMF_vs_Reactive","Growth_factor"
"APRIL",0,0,"Reactive",Inf,0,"PrePMF_vs_Reactive","Cytokine_chemokine"
"CDH1",0,0,"Reactive",Inf,0,"PrePMF_vs_Reactive","Other"
"LAIR1",0,0,"Reactive",Inf,0,"PrePMF_vs_Reactive","Immune_checkpoint"
"LCK",0,0,"Reactive",Inf,0,"PrePMF_vs_Reactive","Other"
"CD48",0,0,"Reactive",Inf,0,"PrePMF_vs_Reactive","Other"
"IL1",0,0,"Reactive",Inf,0,"PrePMF_vs_Reactive","Cytokine_chemokine"
"UNC5",0,0,"Reactive",Inf,0,"PrePMF_vs_Reactive","Other"
"JAM",0,0,"Reactive",Inf,0,"PrePMF_vs_Reactive","Other"
"SLITRK",0,0,"Reactive",Inf,0,"PrePMF_vs_Reactive","Other"
"ANGPT",0,0,"Reactive",Inf,0,"PrePMF_vs_Reactive","Growth_factor"
"GAS",0,0,"Reactive",Inf,0,"PrePMF_vs_Reactive","Growth_factor"
"FGF",0,0,"Reactive",Inf,0,"PrePMF_vs_Reactive","Growth_factor"
"ncWNT",0,0,"Reactive",Inf,0,"PrePMF_vs_Reactive","Other"
"EPHA",0,0,"Reactive",Inf,0,"PrePMF_vs_Reactive","Other"
"GAP",0,0,"Reactive",Inf,0,"PrePMF_vs_Reactive","Other"
"BTLA",0,0,"Reactive",Inf,0,"PrePMF_vs_Reactive","Immune_checkpoint"
"FLRT",0,0,"Reactive",Inf,0,"PrePMF_vs_Reactive","Other"
"TRAIL",0,0,"Reactive",Inf,0,"PrePMF_vs_Reactive","Cytokine_chemokine"
"HSPG",0,0,"Reactive",Inf,0,"PrePMF_vs_Reactive","Other"
"CADM",0,0,"Reactive",Inf,0,"PrePMF_vs_Reactive","Other"
"PROS",0,0,"Reactive",Inf,0,"PrePMF_vs_Reactive","Growth_factor"
"ApoB",0,0,"Reactive",Inf,0,"PrePMF_vs_Reactive","Other"
"EPGN",0,0,"Reactive",Inf,0,"PrePMF_vs_Reactive","Growth_factor"
"OCLN",0,0,"Reactive",Inf,0,"PrePMF_vs_Reactive","Other"
"CHEMERIN",0,0,"Reactive",Inf,0,"PrePMF_vs_Reactive","Cytokine_chemokine"
"PTPRM",0.00444508829460172,0.184639624795784,"Reactive",31.83,0.0975125381781096,"PrePMF_vs_Reactive","Other"
"ADGRL",0.00759825539923653,0.204924893959014,"Reactive",14.68,0,"PrePMF_vs_Reactive","Other"
"NRXN",0.0228514799167013,0.264638519596197,"Reactive",13.79,0.0009765625,"PrePMF_vs_Reactive","Other"
"MHC-II",0.615570047527671,2.06097801668386,"Reactive",12.28,1.67910603099902e-12,"PrePMF_vs_Reactive","Other"
"MPZ",0.00134204875859525,0.151204542829147,"Reactive",10.73,0.000147291317348489,"PrePMF_vs_Reactive","Other"
"CSF",0.0017484563122138,0.157504573451936,"Reactive",7.17,0.21875,"PrePMF_vs_Reactive","Cytokine_chemokine"
"ICAM",0.12525188359051,0.481364340465764,"Reactive",6.17,4.76299823104793e-10,"PrePMF_vs_Reactive","Other"
"PECAM1",0.0816280047973633,0.399108729567214,"Reactive",5.75,3.00721894520223e-10,"PrePMF_vs_Reactive","Other"
"NCAM",0.0310699648374862,0.288058780715519,"Reactive",5.68,0.00249720955143559,"PrePMF_vs_Reactive","Other"
"RESISTIN",0.0683823301963872,0.37276701123005,"Reactive",3.2,2.55182385444641e-07,"PrePMF_vs_Reactive","Other"
"TGFb",0.455748952301715,1.27256712596384,"Reactive",3.19,3.36966022975783e-11,"PrePMF_vs_Reactive","Growth_factor"
"MHC-I",1.55912411230656,313.792766083129,"Reactive",2.82,3.61009732770461e-12,"PrePMF_vs_Reactive","Other"
"SELL",0.029771173314047,0.284558596333967,"Reactive",2.81,6.103515625e-05,"PrePMF_vs_Reactive","Other"
"FLT3",0.0244081014873234,0.269335590339769,"Reactive",2.78,0.109375,"PrePMF_vs_Reactive","Growth_factor"
"CD86",0.0326845390070362,0.292324739802861,"Reactive",2.71,0.03125,"PrePMF_vs_Reactive","Immune_checkpoint"
"PECAM2",0.0955841542801587,0.425940051943635,"Reactive",2.62,0.000215858075534925,"PrePMF_vs_Reactive","Other"
"BAFF",0.102426053066265,0.43886324033946,"Reactive",2.43,0.05767822265625,"PrePMF_vs_Reactive","Cytokine_chemokine"
"ADGRE",1.35835501101116,298.360334964287,"Reactive",2.13,3.44324577521197e-11,"PrePMF_vs_Reactive","Other"
"CDH",0.0075058928450429,0.204412578525067,"Reactive",2.1,0.104059234528928,"PrePMF_vs_Reactive","Other"
"THBS",0.500521271134611,1.44486709091566,"Reactive",1.99,8.12024571785664e-05,"PrePMF_vs_Reactive","Other"
"CD6",0.21037343824236,0.641489878128421,"Reactive",1.98,0.000177780166268349,"PrePMF_vs_Reactive","Other"
"APP",3.67926183633678,354.945915733376,"Reactive",1.85,9.1206111741701e-19,"PrePMF_vs_Reactive","Other"
"CD96",0.0174374433999197,0.246966298997046,"Reactive",1.66,0.130859375,"PrePMF_vs_Reactive","Immune_checkpoint"
"CD45",0.899952339475742,9.48645338836888,"Reactive",1.21,0.256688726746233,"PrePMF_vs_Reactive","Other"
"GALECTIN",1.83714187532234,318.93690978941,"Reactive",1.09,0.13679920730641,"PrePMF_vs_Reactive","Immune_checkpoint"
"CypA",2.80974405156742,329.225197201972,"Reactive",1.06,0.0114615544322939,"PrePMF_vs_Reactive","Other"
"ANNEXIN",0.177809300611566,0.579024161452941,"Reactive",0.87,0.746925950050354,"PrePMF_vs_Reactive","Other"
"MIF",8.82236682938242,385.81077797106,"Reactive",0.83,0.221219765115128,"PrePMF_vs_Reactive","Cytokine_chemokine"
"CD99",6.9811451983857,370.378346852218,"Reactive",0.52,0.000677888446169146,"PrePMF_vs_Reactive","Other"
"EGF",0.0286770814514448,0.281558717886092,"Reactive",0.45,0.4375,"PrePMF_vs_Reactive","Growth_factor"
"NEGR",1.01914782484715,282.927903845444,"Reactive",0.17,0.000861710640814455,"PrePMF_vs_Reactive","Other"
"ESAM",0.194808739172815,0.611345212464759,"Reactive",0.13,0.853923299287067,"PrePMF_vs_Reactive","Other"
"SLIT",0.0509746108478901,0.335973232172621,"Reactive",0.08,0,"PrePMF_vs_Reactive","Other"
"NRG",0.0419525401339146,0.31533642190323,"Reactive",0,0,"PrePMF_vs_Reactive","Growth_factor"
"COLLAGEN",3.37270735692276,344.657628320814,"PrePMF",Inf,0,"PrePMF_vs_Reactive","Other"
"FN1",1.3876993634274,303.504478670567,"PrePMF",Inf,0,"PrePMF_vs_Reactive","Other"
"LAMININ",1.30812996894015,293.216191258006,"PrePMF",Inf,0,"PrePMF_vs_Reactive","Other"
"MK",0.840042555524904,5.73714488982299,"PrePMF",Inf,0,"PrePMF_vs_Reactive","Growth_factor"
"CLEC",0.468520262134583,1.31895508861933,"PrePMF",Inf,0,"PrePMF_vs_Reactive","Other"
"VCAM",0.415206107582292,1.1376820064976,"PrePMF",Inf,0,"PrePMF_vs_Reactive","Other"
"CXCL",0.391137284017539,1.06530685717516,"PrePMF",Inf,0,"PrePMF_vs_Reactive","Cytokine_chemokine"
"VISFATIN",0.300294377132319,0.831260703683138,"PrePMF",Inf,0,"PrePMF_vs_Reactive","Other"
"TENASCIN",0.168173081509094,0.560927501256939,"PrePMF",Inf,0,"PrePMF_vs_Reactive","Other"
"SEMA4",0.144857519289675,0.517597099190314,"PrePMF",Inf,0,"PrePMF_vs_Reactive","Other"
"SELPLG",0.140897999760318,0.51027722405569,"PrePMF",Inf,0,"PrePMF_vs_Reactive","Other"
"PARs",0.134282852703109,0.498055873101306,"PrePMF",Inf,0,"PrePMF_vs_Reactive","Other"
"BMP",0.131975270459162,0.493792846413564,"PrePMF",Inf,0,"PrePMF_vs_Reactive","Growth_factor"
"CCL",0.131217091999628,0.49239201731751,"PrePMF",Inf,0,"PrePMF_vs_Reactive","Cytokine_chemokine"
"THY1",0.0990832197944501,0.43256427279032,"PrePMF",Inf,0,"PrePMF_vs_Reactive","Other"
"GRN",0.0905393390776904,0.416324788247268,"PrePMF",Inf,0,"PrePMF_vs_Reactive","Growth_factor"
"IGF",0.0850734249052049,0.405804535066083,"PrePMF",Inf,0,"PrePMF_vs_Reactive","Growth_factor"
"PDGF",0.06226416608863,0.360182644058274,"PrePMF",Inf,0,"PrePMF_vs_Reactive","Growth_factor"
"CD23",0.054372965195515,0.343419776861942,"PrePMF",Inf,0,"PrePMF_vs_Reactive","Other"
"NOTCH",0.0531447077427243,0.340746065067819,"PrePMF",Inf,0,"PrePMF_vs_Reactive","Other"
"ADGRG",0.0472802775713589,0.327690284342473,"PrePMF",Inf,0,"PrePMF_vs_Reactive","Other"
"ANGPTL",0.046939045057396,0.326914323444387,"PrePMF",Inf,0,"PrePMF_vs_Reactive","Growth_factor"
"NECTIN",0.0373902351427386,0.304289350833543,"PrePMF",Inf,0,"PrePMF_vs_Reactive","Other"
"IL2",0.035899646874004,0.300568571748687,"PrePMF",Inf,0,"PrePMF_vs_Reactive","Cytokine_chemokine"
"IL16",0.0333492341979928,0.294055335914711,"PrePMF",Inf,0,"PrePMF_vs_Reactive","Cytokine_chemokine"
"CNTN",0.0328862249084297,0.292851374538701,"PrePMF",Inf,0,"PrePMF_vs_Reactive","Other"
"CD46",0.0311767311693666,0.288343711938578,"PrePMF",Inf,0,"PrePMF_vs_Reactive","Other"
"SEMA3",0.031076371007196,0.288075888782335,"PrePMF",Inf,0,"PrePMF_vs_Reactive","Other"
"Netrin",0.0272985630654513,0.27770671470136,"PrePMF",Inf,0,"PrePMF_vs_Reactive","Other"
"KIT",0.0269050297576786,0.276591352232594,"PrePMF",Inf,0,"PrePMF_vs_Reactive","Growth_factor"
"IGFBP",0.0237021211076687,0.26722315092363,"PrePMF",Inf,0,"PrePMF_vs_Reactive","Growth_factor"
"APRIL",0.02264776799752,0.264012881342383,"PrePMF",Inf,0,"PrePMF_vs_Reactive","Cytokine_chemokine"
"CDH1",0.0190980661908736,0.252642118925112,"PrePMF",Inf,0,"PrePMF_vs_Reactive","Other"
"LAIR1",0.0185771002001133,0.250889048625377,"PrePMF",Inf,0,"PrePMF_vs_Reactive","Immune_checkpoint"
"LCK",0.0166626607581415,0.244224997961974,"PrePMF",Inf,0,"PrePMF_vs_Reactive","Other"
"CD48",0.0108493097804027,0.221060240401914,"PrePMF",Inf,0,"PrePMF_vs_Reactive","Other"
"IL1",0.0107488991364331,0.22060679535426,"PrePMF",Inf,0,"PrePMF_vs_Reactive","Cytokine_chemokine"
"UNC5",0.00860209098499116,0.210271777708402,"PrePMF",Inf,0,"PrePMF_vs_Reactive","Other"
"JAM",0.00796177443042555,0.206906395378377,"PrePMF",Inf,0,"PrePMF_vs_Reactive","Other"
"SLITRK",0.00770637332852928,0.205519954091283,"PrePMF",Inf,0,"PrePMF_vs_Reactive","Other"
"ANGPT",0.00732741827593582,0.20341194910305,"PrePMF",Inf,0,"PrePMF_vs_Reactive","Growth_factor"
"GAS",0.00636043975021874,0.197719981713673,"PrePMF",Inf,0,"PrePMF_vs_Reactive","Growth_factor"
"FGF",0.00631092440062383,0.197414925952818,"PrePMF",Inf,0,"PrePMF_vs_Reactive","Growth_factor"
"ncWNT",0.00508994647606976,0.189376437712002,"PrePMF",Inf,0,"PrePMF_vs_Reactive","Other"
"EPHA",0.00500373094768863,0.188765740763149,"PrePMF",Inf,0,"PrePMF_vs_Reactive","Other"
"GAP",0.00469000787777844,0.186486410802658,"PrePMF",Inf,0,"PrePMF_vs_Reactive","Other"
"BTLA",0.00304351620663907,0.172570243350785,"PrePMF",Inf,0,"PrePMF_vs_Reactive","Immune_checkpoint"
"FLRT",0.00234630786068292,0.165155158141536,"PrePMF",Inf,0,"PrePMF_vs_Reactive","Other"
"TRAIL",0.00188701664694657,0.159419504083367,"PrePMF",Inf,0,"PrePMF_vs_Reactive","Cytokine_chemokine"
"HSPG",0.00162459923431934,0.15570275060212,"PrePMF",Inf,0,"PrePMF_vs_Reactive","Other"
"CADM",0.00113767784763349,0.147519473264638,"PrePMF",Inf,0,"PrePMF_vs_Reactive","Other"
"PROS",0.000929800309037999,0.143255378148511,"PrePMF",Inf,0,"PrePMF_vs_Reactive","Growth_factor"
"ApoB",0.000885016079453431,0.142249438133325,"PrePMF",Inf,0,"PrePMF_vs_Reactive","Other"
"EPGN",0.000849216361267337,0.141418781288751,"PrePMF",Inf,0,"PrePMF_vs_Reactive","Growth_factor"
"OCLN",0.000476344700942795,0.130729740662428,"PrePMF",Inf,0,"PrePMF_vs_Reactive","Other"
"CHEMERIN",0.000469744614154194,0.130491721506911,"PrePMF",Inf,0,"PrePMF_vs_Reactive","Cytokine_chemokine"
"PTPRM",0.141483977789019,0.511360173195839,"PrePMF",31.83,0.0975125381781096,"PrePMF_vs_Reactive","Other"
"ADGRL",0.111548166724124,0.455934231706345,"PrePMF",14.68,0,"PrePMF_vs_Reactive","Other"
"NRXN",0.315171999769971,0.866073241590151,"PrePMF",13.79,0.0009765625,"PrePMF_vs_Reactive","Other"
"MHC-II",7.55657315954785,380.66663426478,"PrePMF",12.28,1.67910603099902e-12,"PrePMF_vs_Reactive","Other"
"MPZ",0.0143986750225416,0.235814624945702,"PrePMF",10.73,0.000147291317348489,"PrePMF_vs_Reactive","Other"
"CSF",0.0125410453349894,0.228375762106394,"PrePMF",7.17,0.21875,"PrePMF_vs_Reactive","Cytokine_chemokine"
"ICAM",0.773150238980107,3.88678735321394,"PrePMF",6.17,4.76299823104793e-10,"PrePMF_vs_Reactive","Other"
"PECAM1",0.469151947551799,1.32130316570813,"PrePMF",5.75,3.00721894520223e-10,"PrePMF_vs_Reactive","Other"
"NCAM",0.176472540835018,0.576505113802904,"PrePMF",5.68,0.00249720955143559,"PrePMF_vs_Reactive","Other"
"RESISTIN",0.218772783509728,0.658015254941853,"PrePMF",3.2,2.55182385444641e-07,"PrePMF_vs_Reactive","Other"
"TGFb",1.45437233595888,308.648622376848,"PrePMF",3.19,3.36966022975783e-11,"PrePMF_vs_Reactive","Growth_factor"
"MHC-I",4.39787111169288,360.090059439656,"PrePMF",2.82,3.61009732770461e-12,"PrePMF_vs_Reactive","Other"
"SELL",0.0837449635294877,0.403229180724353,"PrePMF",2.81,6.103515625e-05,"PrePMF_vs_Reactive","Other"
"FLT3",0.0679730775547783,0.371934759581633,"PrePMF",2.78,0.109375,"PrePMF_vs_Reactive","Growth_factor"
"CD86",0.08869642115989,0.412790607892179,"PrePMF",2.71,0.03125,"PrePMF_vs_Reactive","Immune_checkpoint"
"PECAM2",0.250786974411956,0.72298664803603,"PrePMF",2.62,0.000215858075534925,"PrePMF_vs_Reactive","Other"
"BAFF",0.249293855668182,0.719878690889793,"PrePMF",2.43,0.05767822265625,"PrePMF_vs_Reactive","Cytokine_chemokine"
"ADGRE",2.8869757450404,334.369340908252,"PrePMF",2.13,3.44324577521197e-11,"PrePMF_vs_Reactive","Other"
"CDH",0.0157565986689685,0.240935057102112,"PrePMF",2.1,0.104059234528928,"PrePMF_vs_Reactive","Other"
"THBS",0.996119631893191,257.20718531404,"PrePMF",1.99,8.12024571785664e-05,"PrePMF_vs_Reactive","Other"
"CD6",0.417267527591876,1.14412848546905,"PrePMF",1.98,0.000177780166268349,"PrePMF_vs_Reactive","Other"
"APP",6.79479128370598,365.234203145937,"PrePMF",1.85,9.1206111741701e-19,"PrePMF_vs_Reactive","Other"
"CD96",0.0288717840027035,0.282096161224322,"PrePMF",1.66,0.130859375,"PrePMF_vs_Reactive","Immune_checkpoint"
"CD45",1.09082213701833,288.072047551725,"PrePMF",1.21,0.256688726746233,"PrePMF_vs_Reactive","Other"
"GALECTIN",2.00845777747964,324.081053495691,"PrePMF",1.09,0.13679920730641,"PrePMF_vs_Reactive","Immune_checkpoint"
"CypA",2.96893772764897,339.513484614533,"PrePMF",1.06,0.0114615544322939,"PrePMF_vs_Reactive","Other"
"ANNEXIN",0.155316767977638,0.536973704858386,"PrePMF",0.87,0.746925950050354,"PrePMF_vs_Reactive","Other"
"MIF",7.28563428211881,375.522490558499,"PrePMF",0.83,0.221219765115128,"PrePMF_vs_Reactive","Cytokine_chemokine"
"CD99",3.59937550798804,349.801772027095,"PrePMF",0.52,0.000677888446169146,"PrePMF_vs_Reactive","Other"
"EGF",0.0130103517747261,0.230308085879482,"PrePMF",0.45,0.4375,"PrePMF_vs_Reactive","Growth_factor"
"NEGR",0.17750333352879,0.578447322393777,"PrePMF",0.17,0.000861710640814455,"PrePMF_vs_Reactive","Other"
"ESAM",0.0258161439199593,0.273466483752425,"PrePMF",0.13,0.853923299287067,"PrePMF_vs_Reactive","Other"
"SLIT",0.00398017544751397,0.180948661700877,"PrePMF",0.08,0,"PrePMF_vs_Reactive","Other"
"NRG",0,0,"PrePMF",0,0,"PrePMF_vs_Reactive","Growth_factor"
