"condition","source","target","ligand","receptor","prob","pval","pathway_name","category"
"PMF","MK","Erythroid_late_HBG","PPIA","BSG",0.0942359958553306,0,"CypA","Other"
"PMF","MK","Erythroblast","PPIA","BSG",0.0820829858852224,0,"CypA","Other"
"PMF","MK","T_CD8_GZMK","HLA-A","CD8A",0.0727401917379566,0,"MHC-I","Other"
"PMF","MK","Erythroid_late","PPIA","BSG",0.0607333634516432,0,"CypA","Other"
"PMF","MK","T_CD8_GZMK","HLA-C","CD8A",0.0595340012793873,0,"MHC-I","Other"
"PMF","MK","T_CD8_GZMK","HLA-B","CD8A",0.0586525570614249,0,"MHC-I","Other"
"PMF","MK","NK","HLA-E","CD94:NKG2C",0.0527630509520645,0,"MHC-I","Other"
"PMF","MK","T_CD8_GZMK","HLA-E","CD8A",0.0521695348451463,0,"MHC-I","Other"
"PMF","MK","pDC","TGFB1","TGFbR1_R2",0.051762144509846,0,"TGFb","Growth_factor"
"PMF","MK","MK_profibrotic","THBS1","CD36",0.0515748526254473,0,"THBS","Other"
"PMF","MK","NK","HLA-E","CD94:NKG2E",0.0481284520932835,0,"MHC-I","Other"
"PMF","MK","NK","HLA-E","KLRK1",0.0454857323250484,0,"MHC-I","Other"
"PMF","MK","cDC2","MIF","CD74_CD44",0.0400325719734295,0,"MIF","Cytokine_chemokine"
"PMF","MK","cDC2","TGFB1","TGFbR1_R2",0.038467312487586,0,"TGFb","Growth_factor"
"PMF","MK","HSC_MPP","TGFB1","TGFbR1_R2",0.0371531824033397,0,"TGFb","Growth_factor"
"PMF","MK","Monocyte","MIF","CD74_CD44",0.0371155275482973,0,"MIF","Cytokine_chemokine"
"PMF","MK","MK","THBS1","CD36",0.0355330836634075,0,"THBS","Other"
"PMF","MK","MK_profibrotic","THBS1","CD47",0.0333044948803158,0,"THBS","Other"
"PMF","MK","Erythroblast","THBS1","CD36",0.0325053627174122,0,"THBS","Other"
"PMF","MK","T_CD8_GZMK","HLA-A","CD8B",0.0301694998788986,0,"MHC-I","Other"
"PMF","MK","HSC_MPP","MIF","CD74_CD44",0.0269679929503975,0,"MIF","Cytokine_chemokine"
"PMF","MK","pDC","MIF","CD74_CXCR4",0.0267158864606386,0,"MIF","Cytokine_chemokine"
"PMF","MK","GMP_promyelocyte","MIF","CD74_CD44",0.0266097184183825,0,"MIF","Cytokine_chemokine"
"PMF","MK","NK","HLA-E","KLRC2",0.0259939374888532,0,"MHC-I","Other"
"PMF","MK","T_CD8_GZMK","HLA-C","CD8B",0.0244880297217484,0,"MHC-I","Other"
"PMF","MK","T_CD8_GZMK","HLA-B","CD8B",0.0241121632715645,0,"MHC-I","Other"
"PMF","MK","Monocyte","THBS1","CD36",0.0240479535584486,0,"THBS","Other"
"PMF","MK","HSC_MPP","TGFB1","ACVR1_TGFbR",0.0238171045076906,0,"TGFb","Growth_factor"
"PMF","MK","NK","TGFB1","TGFbR1_R2",0.0232095637651155,0,"TGFb","Growth_factor"
"PMF","MK","Monocyte","TGFB1","TGFbR1_R2",0.0227874264615994,0,"TGFb","Growth_factor"
"PMF","MK","T_CD8_GZMK","CD99","CD99",0.0225526585402648,0,"CD99","Other"
"PMF","MK","T_CD8_GZMK","HLA-E","KLRK1",0.0224255331460534,0,"MHC-I","Other"
"PMF","MK","cDC2","MIF","CD74_CXCR4",0.0218143218694817,0,"MIF","Cytokine_chemokine"
"PMF","MK","cDC2","TGFB1","ACVR1_TGFbR",0.0217812940809803,0,"TGFb","Growth_factor"
"PMF","MK","B_naive","MIF","CD74_CXCR4",0.0215591135523097,0,"MIF","Cytokine_chemokine"
"PMF","MK","T_CD8_GZMK","HLA-E","CD8B",0.0213603505224759,0,"MHC-I","Other"
"PMF","MK","Monocyte","TGFB1","ACVR1B_TGFbR2",0.0211408086247371,0,"TGFb","Growth_factor"
"PMF","MK","MEP","PPIA","BSG",0.0208646237798801,0,"CypA","Other"
"PMF","MK","T_CD8_GZMK","TGFB1","TGFbR1_R2",0.0206466243546016,0,"TGFb","Growth_factor"
"PMF","MK","NK","CD99","CD99",0.0205642271066664,0,"CD99","Other"
"PMF","MK","B_naive","MIF","CD74_CD44",0.020130366622195,0,"MIF","Cytokine_chemokine"
"PMF","MK","HSC_MPP","CD99","CD99",0.0193916558672674,0,"CD99","Other"
"PMF","MK","NK","THBS1","CD47",0.0186601155437609,0,"THBS","Other"
"PMF","MK","MEP","TGFB1","ACVR1_TGFbR",0.0184199062325208,0,"TGFb","Growth_factor"
"PMF","MK","MK_profibrotic","PPIA","BSG",0.0176457620757655,0,"CypA","Other"
"PMF","MK","T_CD8_GZMK","MIF","CD74_CD44",0.0175140867533102,0,"MIF","Cytokine_chemokine"
"PMF","MK","T_CD4_memory","THBS1","CD47",0.0171340027962872,0,"THBS","Other"
"PMF","MK","HSC_MPP","PPIA","BSG",0.0170788607682593,0,"CypA","Other"
"PMF","MK","T_CD8_GZMK","THBS1","CD47",0.0167688612032759,0,"THBS","Other"
"PMF","MK","Monocyte","CD99","PILRA",0.0167332830453404,0,"CD99","Other"
"PMF","MK","MK_profibrotic","THBS1","ITGAV_ITGB3",0.0164487844540216,0,"THBS","Other"
"PMF","MK","MEP","TGFB1","TGFbR1_R2",0.0162948725702391,0,"TGFb","Growth_factor"
"PMF","MK","MK_profibrotic","ESAM","ESAM",0.0162481777608665,0,"ESAM","Other"
"PMF","MK","cDC2","THBS1","CD36",0.0160431183897934,0,"THBS","Other"
"PMF","MK","GMP_promyelocyte","TGFB1","TGFbR1_R2",0.0158246087485574,0,"TGFb","Growth_factor"
"PMF","MK","T_CD4_memory","CD99","CD99",0.0157444768487564,0,"CD99","Other"
"PMF","MK","pDC","MIF","CD74_CD44",0.0154766922912864,0.01,"MIF","Cytokine_chemokine"
"PMF","MK","Monocyte","CCL5","CCR1",0.0153796465968161,0,"CCL","Cytokine_chemokine"
"PMF","MK","pDC","CD99","CD99",0.01501814877758,0,"CD99","Other"
"PMF","MK","B_naive","THBS1","CD47",0.0150122461715116,0,"THBS","Other"
"PMF","MK","T_naive","THBS1","CD47",0.0149783824121664,0,"THBS","Other"
"PMF","MK","T_CD8_GZMK","MIF","CD74_CXCR4",0.0147644546800433,0,"MIF","Cytokine_chemokine"
"PMF","MK","GMP_promyelocyte","MIF","CD74_CXCR4",0.0147572129111125,0,"MIF","Cytokine_chemokine"
"PMF","MK","HSC_MPP","THBS1","CD47",0.0144809483044009,0,"THBS","Other"
"PMF","MK","GMP_promyelocyte","CD99","CD99",0.014430464567415,0,"CD99","Other"
"PMF","MK","pDC","THBS1","CD47",0.0143345478010794,0,"THBS","Other"
"PMF","MK","MK_profibrotic","PECAM1","PECAM1",0.0142471150235068,0,"PECAM1","Other"
"PMF","MK","MEP","THBS1","CD47",0.0141740214966403,0,"THBS","Other"
"PMF","MK","MEP","MIF","CD74_CD44",0.0137272183576721,0,"MIF","Cytokine_chemokine"
"PMF","MK","cDC2","CD99","CD99",0.0134986177472423,0,"CD99","Other"
"PMF","MK","GMP_promyelocyte","THBS1","CD36",0.0132741821483761,0,"THBS","Other"
"PMF","MK","MK_profibrotic","CD99","CD99",0.0131499888895798,0,"CD99","Other"
"PMF","MK","pDC","THBS1","CD36",0.0129285533700865,0,"THBS","Other"
"PMF","MK","MK","CD99","CD99",0.0126684013208828,0,"CD99","Other"
"PMF","MK","MK","PPIA","BSG",0.0124693359500311,0,"CypA","Other"
"PMF","MK","MK_prog","PPIA","BSG",0.0123592325079879,0,"CypA","Other"
"PMF","MK","cDC2","THBS1","CD47",0.0116880918854431,0,"THBS","Other"
"PMF","MK","MEP","THBS1","CD36",0.0115240176465185,0,"THBS","Other"
"PMF","MK","Erythroblast","CCL5","ACKR1",0.0113071964237647,0,"CCL","Cytokine_chemokine"
"PMF","MK","Monocyte","PECAM1","PECAM1",0.010706257514714,0,"PECAM1","Other"
"PMF","MK","NK","CLEC1B","KLRB1",0.00968343334135729,0,"CLEC","Other"
"PMF","MK","MK_prog","THBS1","CD36",0.00958543018320209,0,"THBS","Other"
"PMF","MK","T_CD8_GZMK","CLEC1B","KLRB1",0.00932007712790579,0,"CLEC","Other"
"PMF","MK","MEP","CD99","CD99",0.00930859080180374,0,"CD99","Other"
"PMF","MK","MK","THBS1","CD47",0.00928074680000019,0,"THBS","Other"
"PMF","MK","GMP_promyelocyte","THBS1","CD47",0.00904450812227755,0,"THBS","Other"
"PMF","MK","Neutrophil","CD99","PILRA",0.00879815779963945,0,"CD99","Other"
"PMF","MK","NK","MIF","CD74_CXCR4",0.00877880288429324,0,"MIF","Cytokine_chemokine"
"PMF","MK","cDC2","CD99","PILRA",0.00849845243112032,0,"CD99","Other"
"PMF","MK","Plasma_cell","MIF","CD74_CXCR4",0.00828587852802427,0.01,"MIF","Cytokine_chemokine"
"PMF","MK","MK","ESAM","ESAM",0.00794267177055171,0,"ESAM","Other"
"PMF","MK","T_memory","THBS1","CD47",0.007641717758954,0,"THBS","Other"
"PMF","MK","T_CD4_memory","MIF","CD74_CXCR4",0.00730194002209405,0,"MIF","Cytokine_chemokine"
"PMF","MK","cDC2","CCL5","CCR1",0.00619332989666978,0,"CCL","Cytokine_chemokine"
"PMF","MK","T_naive","MIF","CD74_CXCR4",0.00609341198079636,0,"MIF","Cytokine_chemokine"
"PMF","MK","T_memory","CD99","CD99",0.00581251870098221,0,"CD99","Other"
"PMF","MK","T_CD4_memory","CLEC1B","KLRB1",0.00578835953617421,0,"CLEC","Other"
"PMF","MK","Monocyte","CD99","CD99",0.00563705830483738,0,"CD99","Other"
"PMF","MK","GMP_promyelocyte","PECAM1","PECAM1",0.00560130513443225,0,"PECAM1","Other"
"PMF","MK","Erythroblast","THBS1","CD47",0.00515938351479381,0,"THBS","Other"
"PMF","MK","MK_prog","CD99","CD99",0.00500591899910144,0,"CD99","Other"
"PMF","MK","Monocyte","THBS1","CD47",0.00474864664051548,0,"THBS","Other"
"PMF","MK","T_naive","CD99","CD99",0.00455215664058308,0,"CD99","Other"
"PMF","MK","cDC2","PECAM1","PECAM1",0.00452201438821284,0,"PECAM1","Other"
"PMF","MK","HSC_MPP","PECAM1","PECAM1",0.00443027265718439,0,"PECAM1","Other"
"PMF","MK","Plasma_cell","PECAM1","CD38",0.00430300908242036,0,"PECAM2","Other"
"PMF","MK","B_naive","CD99","CD99",0.00372194277202105,0,"CD99","Other"
"PMF","MK","pDC","CD99","PILRB",0.00367351893779172,0,"CD99","Other"
"PMF","MK","Plasma_cell","THBS1","SDC1",0.00366375353561734,0,"THBS","Other"
"PMF","MK","MEP","PECAM1","CD38",0.00362239030877398,0,"PECAM2","Other"
"PMF","MK","Erythroblast","CD99","CD99",0.0033277038780637,0,"CD99","Other"
"PMF","MK","Neutrophil","PECAM1","PECAM1",0.00314821806587355,0,"PECAM1","Other"
"PMF","MK","GMP_promyelocyte","CD99","PILRA",0.00294619363930158,0,"CD99","Other"
"PMF","MK","Plasma_cell","THBS1","CD47",0.00284037675347738,0,"THBS","Other"
"PMF","MK","MK","PECAM1","PECAM1",0.00264174369792747,0,"PECAM1","Other"
"PMF","MK","pDC","PECAM1","CD38",0.00246174131771093,0,"PECAM2","Other"
"PMF","MK","pDC","PECAM1","PECAM1",0.002399493765682,0,"PECAM1","Other"
"PMF","MK","MEP","CD99","PILRB",0.00221062748593785,0,"CD99","Other"
"PMF","MK","HSC_MPP","CD99","PILRB",0.0021315974184263,0,"CD99","Other"
"PMF","MK","cDC2","CD99","PILRB",0.00201710241153259,0,"CD99","Other"
"PMF","MK","GMP_promyelocyte","PECAM1","CD38",0.00172355197238883,0,"PECAM2","Other"
"PMF","MK","MSC_stromal","THBS1","CD47",0.00170677000167225,0,"THBS","Other"
"PMF","MK","HSC_MPP","CD99","CD99L2",0.00156041732388233,0,"CD99","Other"
"PMF","MK","cDC2","PROS1","AXL",0.00151244399448045,0,"PROS","Growth_factor"
"PMF","MK","T_naive","PECAM1","PECAM1",0.00147664988046428,0,"PECAM1","Other"
"PMF","MK","MEP","CD99","CD99L2",0.00136834857172101,0,"CD99","Other"
"PMF","MK","MEP","PECAM1","PECAM1",0.00121599882044671,0,"PECAM1","Other"
"PMF","MK","HSC_MPP","PROS1","MERTK",0.00113695576224721,0,"PROS","Growth_factor"
"PMF","MK","HSC_MPP","PROS1","AXL",0.0011233102033262,0,"PROS","Growth_factor"
"PMF","MK","HSC_MPP","PECAM1","CD38",0.00106329129315162,0,"PECAM2","Other"
"PMF","MK","cDC2","PECAM1","CD38",0.000950587615647737,0,"PECAM2","Other"
"PMF","MK","MK_profibrotic","CD99","PILRB",0.000756091848069812,0,"CD99","Other"
"PrePMF","MK","NK","HLA-E","KLRK1",0.0618909646666266,0,"MHC-I","Other"
"PrePMF","MK","NK","HLA-E","CD94:NKG2C",0.0599624022702625,0,"MHC-I","Other"
"PrePMF","MK","pDC","TGFB1","TGFbR1_R2",0.0573958176130569,0,"TGFb","Growth_factor"
"PrePMF","MK","NK","HLA-E","CD94:NKG2E",0.0538412441818078,0,"MHC-I","Other"
"PrePMF","MK","cDC2","TGFB1","TGFbR1_R2",0.0429268844590629,0,"TGFb","Growth_factor"
"PrePMF","MK","NK","HLA-E","CD94:NKG2A",0.0409475623827432,0,"MHC-I","Other"
"PrePMF","MK","Erythroblast","THBS1","CD36",0.0373259285311112,0,"THBS","Other"
"PrePMF","MK","T_CD8_GZMK","HLA-B","CD8A",0.037030559432516,0,"MHC-I","Other"
"PrePMF","MK","T_CD8_GZMK","HLA-A","CD8A",0.0353928507035666,0,"MHC-I","Other"
"PrePMF","MK","Erythroid_late_HBG","PPIA","BSG",0.0328037331020033,0,"CypA","Other"
"PrePMF","MK","NK","HLA-E","KLRC2",0.0316299353065845,0,"MHC-I","Other"
"PrePMF","MK","Monocyte","TGFB1","TGFbR1_R2",0.0285100907845182,0,"TGFb","Growth_factor"
"PrePMF","MK","Monocyte","THBS1","CD36",0.028257503399499,0,"THBS","Other"
"PrePMF","MK","T_CD8_GZMK","HLA-C","CD8A",0.0274914722879191,0,"MHC-I","Other"
"PrePMF","MK","T_CD8_GZMK","HLA-E","KLRK1",0.0270696713623884,0,"MHC-I","Other"
"PrePMF","MK","GMP_promyelocyte","TGFB1","TGFbR1_R2",0.0269692139986942,0,"TGFb","Growth_factor"
"PrePMF","MK","Erythroblast","PPIA","BSG",0.0267294276361991,0,"CypA","Other"
"PrePMF","MK","T_CD8_GZMK","HLA-E","CD8A",0.0266567780172871,0,"MHC-I","Other"
"PrePMF","MK","NK","TGFB1","TGFbR1_R2",0.0264718872014298,0,"TGFb","Growth_factor"
"PrePMF","MK","Monocyte","TGFB1","ACVR1B_TGFbR2",0.0261628993395051,0,"TGFb","Growth_factor"
"PrePMF","MK","MSC_stromal","CD99","CD99",0.0235961538087462,0,"CD99","Other"
"PrePMF","MK","HSC_MPP","CD99","CD99",0.023296076244808,0,"CD99","Other"
"PrePMF","MK","HSC_MPP","TGFB1","TGFbR1_R2",0.0229588157555864,0,"TGFb","Growth_factor"
"PrePMF","MK","T_CD8_GZMK","HLA-B","CD8B",0.0227212858179791,0,"MHC-I","Other"
"PrePMF","MK","T_CD8_GZMK","HLA-A","CD8B",0.0217021550438093,0,"MHC-I","Other"
"PrePMF","MK","T_CD8_GZMK","CD99","CD99",0.0216797056812122,0,"CD99","Other"
"PrePMF","MK","MEP","THBS1","CD47",0.0213253268289921,0,"THBS","Other"
"PrePMF","MK","NK","THBS1","CD47",0.0208880456017044,0,"THBS","Other"
"PrePMF","MK","T_CD4_memory","THBS1","CD47",0.0198941324830308,0,"THBS","Other"
"PrePMF","MK","MSC_stromal","TGFB1","ACVR1_TGFbR",0.0193940655146017,0,"TGFb","Growth_factor"
"PrePMF","MK","T_naive","THBS1","CD47",0.0193035565899259,0,"THBS","Other"
"PrePMF","MK","GMP_promyelocyte","TGFB1","ACVR1B_TGFbR2",0.0192950810562083,0,"TGFb","Growth_factor"
"PrePMF","MK","pDC","CD99","CD99",0.0182290202178009,0,"CD99","Other"
"PrePMF","MK","T_CD8_GZMK","THBS1","CD47",0.0181699272506613,0,"THBS","Other"
"PrePMF","MK","Monocyte","CD99","PILRA",0.0180408643648934,0,"CD99","Other"
"PrePMF","MK","Monocyte","CCL5","CCR1",0.0180214089519569,0,"CCL","Cytokine_chemokine"
"PrePMF","MK","MEP","THBS1","CD36",0.0179394207186225,0,"THBS","Other"
"PrePMF","MK","MSC_stromal","TGFB1","TGFbR1_R2",0.0171764077382813,0,"TGFb","Growth_factor"
"PrePMF","MK","B_naive","THBS1","CD47",0.0169086346756175,0,"THBS","Other"
"PrePMF","MK","T_CD4_memory","CD99","CD99",0.0168798159903169,0,"CD99","Other"
"PrePMF","MK","T_CD8_GZMK","HLA-C","CD8B",0.0168039508494518,0,"MHC-I","Other"
"PrePMF","MK","GMP_promyelocyte","CD99","CD99",0.0164606504042626,0,"CD99","Other"
"PrePMF","MK","T_CD8_GZMK","HLA-E","CD8B",0.0162883155303585,0,"MHC-I","Other"
"PrePMF","MK","Erythroid_late","PPIA","BSG",0.0159414786251522,0,"CypA","Other"
"PrePMF","MK","Erythroblast","THBS1","CD47",0.0155956629368428,0,"THBS","Other"
"PrePMF","MK","NK","HLA-E","KLRC1",0.0144228594078311,0,"MHC-I","Other"
"PrePMF","MK","pDC","THBS1","CD36",0.0142218373511851,0,"THBS","Other"
"PrePMF","MK","MK_profibrotic","CCL5","CCR4",0.014139114391957,0,"CCL","Cytokine_chemokine"
"PrePMF","MK","Erythroblast","CCL5","ACKR1",0.0141080632676805,0,"CCL","Cytokine_chemokine"
"PrePMF","MK","MK","CD99","CD99",0.0140227903253877,0,"CD99","Other"
"PrePMF","MK","MSC_stromal","TGFB1","ACVR1B_TGFbR2",0.0136395492687924,0,"TGFb","Growth_factor"
"PrePMF","MK","cDC2","THBS1","CD36",0.013186355284597,0,"THBS","Other"
"PrePMF","MK","HSC_MPP","THBS1","CD47",0.0129122809000848,0,"THBS","Other"
"PrePMF","MK","pDC","THBS1","CD47",0.0128038686608438,0,"THBS","Other"
"PrePMF","MK","GMP_promyelocyte","THBS1","CD36",0.0127080293226377,0,"THBS","Other"
"PrePMF","MK","MK","ESAM","ESAM",0.0124133854995958,0,"ESAM","Other"
"PrePMF","MK","MK","THBS1","CD36",0.0118474032850136,0,"THBS","Other"
"PrePMF","MK","cDC2","CD99","CD99",0.0115826850604704,0,"CD99","Other"
"PrePMF","MK","MK","THBS1","CD47",0.0113862597239889,0,"THBS","Other"
"PrePMF","MK","GMP_promyelocyte","THBS1","CD47",0.0113007258989019,0,"THBS","Other"
"PrePMF","MK","cDC2","THBS1","CD47",0.0110730188568941,0,"THBS","Other"
"PrePMF","MK","cDC2","CD99","PILRA",0.0108039282361188,0,"CD99","Other"
"PrePMF","MK","Monocyte","CD99","CD99",0.0104861894977341,0,"CD99","Other"
"PrePMF","MK","MK_profibrotic","THBS1","CD36",0.0104712580888841,0,"THBS","Other"
"PrePMF","MK","MEP","CD99","CD99",0.0100279693903561,0,"CD99","Other"
"PrePMF","MK","Neutrophil","CD99","PILRA",0.00865602013940166,0,"CD99","Other"
"PrePMF","MK","T_memory","THBS1","CD47",0.00838693881038066,0,"THBS","Other"
"PrePMF","MK","MK_profibrotic","THBS1","CD47",0.00818984524043456,0,"THBS","Other"
"PrePMF","MK","NK","CD99","CD99",0.00807724947415542,0,"CD99","Other"
"PrePMF","MK","Plasma_cell","THBS1","SDC1",0.00773829656154542,0,"THBS","Other"
"PrePMF","MK","NK","CLEC1B","KLRB1",0.00727296838437832,0,"CLEC","Other"
"PrePMF","MK","T_CD8_GZMK","CLEC1B","KLRB1",0.00724907552026864,0,"CLEC","Other"
"PrePMF","MK","Neutrophil","THBS1","CD36",0.00698503843940008,0,"THBS","Other"
"PrePMF","MK","T_naive","CD99","CD99",0.00694803166308817,0,"CD99","Other"
"PrePMF","MK","MK_prog","THBS1","CD36",0.00672543465391017,0,"THBS","Other"
"PrePMF","MK","MK_prog","THBS1","CD47",0.00650088769860792,0,"THBS","Other"
"PrePMF","MK","T_memory","CD99","CD99",0.00563344131371721,0,"CD99","Other"
"PrePMF","MK","MK_profibrotic","ESAM","ESAM",0.00549145035614627,0,"ESAM","Other"
"PrePMF","MK","NK","CD99","PILRB",0.00532229731497735,0,"CD99","Other"
"PrePMF","MK","Erythroblast","CD99","CD99",0.00506140003748219,0.01,"CD99","Other"
"PrePMF","MK","MSC_stromal","THBS1","CD47",0.00490687570912779,0,"THBS","Other"
"PrePMF","MK","Monocyte","THBS1","CD47",0.00428700171591651,0,"THBS","Other"
"PrePMF","MK","B_naive","CD99","CD99",0.00428596417139827,0.03,"CD99","Other"
"PrePMF","MK","Plasma_cell","THBS1","CD47",0.00283647896828834,0,"THBS","Other"
"PrePMF","MK","pDC","CD99","PILRB",0.00257104960574288,0,"CD99","Other"
"PrePMF","MK","GMP_promyelocyte","CD99","PILRA",0.00246496552778482,0.02,"CD99","Other"
"PrePMF","MK","HSC_MPP","CD99","PILRB",0.00245979508006263,0,"CD99","Other"
"PrePMF","MK","MEP","CD99","PILRB",0.00205761530846312,0,"CD99","Other"
"PrePMF","MK","cDC2","CD99","PILRB",0.00180671459668884,0,"CD99","Other"
"PrePMF","MK","HSC_MPP","CD99","CD99L2",0.00166210212372197,0,"CD99","Other"
"Reactive","MK","MK","CD99","CD99",0.354478234883583,0,"CD99","Other"
"Reactive","MK","HSC_MPP","CD99","CD99",0.214508251049586,0,"CD99","Other"
"Reactive","MK","MK","ESAM","ESAM",0.194808739172815,0,"ESAM","Other"
"Reactive","MK","T_CD8_GZMK","CD99","CD99",0.190521994471384,0,"CD99","Other"
"Reactive","MK","GMP_promyelocyte","CD99","CD99",0.148448386209016,0,"CD99","Other"
"Reactive","MK","MEP","CD99","CD99",0.1345790868555,0,"CD99","Other"
"Reactive","MK","cDC2","CD99","CD99",0.124848890988807,0,"CD99","Other"
"Reactive","MK","cDC2","TGFB1","TGFbR1_R2",0.0984248111512359,0,"TGFb","Growth_factor"
"Reactive","MK","MK_prog","CD99","CD99",0.0861722190597322,0,"CD99","Other"
"Reactive","MK","NK","CD99","CD99",0.0841722483318208,0,"CD99","Other"
"Reactive","MK","Monocyte","CD99","CD99",0.0804302989316647,0,"CD99","Other"
"Reactive","MK","pDC","CD99","CD99",0.079439721716371,0,"CD99","Other"
"Reactive","MK","T_CD4_memory","CD99","CD99",0.0729522052283441,0,"CD99","Other"
"Reactive","MK","T_CD8_GZMK","HLA-E","CD8A",0.0674764237954293,0,"MHC-I","Other"
"Reactive","MK","Erythroblast","THBS1","CD36",0.0674651263261086,0,"THBS","Other"
"Reactive","MK","Monocyte","CD99","PILRA",0.0626576968080521,0,"CD99","Other"
"Reactive","MK","HSC_MPP","TGFB1","TGFbR1_R2",0.0560204686362791,0,"TGFb","Growth_factor"
"Reactive","MK","Erythroblast","CD99","CD99",0.0478897493639647,0.01,"CD99","Other"
"Reactive","MK","T_CD8_GZMK","HLA-B","CD8A",0.045826233590945,0,"MHC-I","Other"
"Reactive","MK","T_CD4_memory","THBS1","CD47",0.0441778866663051,0,"THBS","Other"
"Reactive","MK","T_CD8_GZMK","HLA-C","CD8A",0.0388231711500939,0,"MHC-I","Other"
"Reactive","MK","T_CD8_GZMK","HLA-A","CD8A",0.0355857656586548,0,"MHC-I","Other"
"Reactive","MK","MEP","THBS1","CD47",0.0327370725481219,0,"THBS","Other"
"Reactive","MK","Erythroblast","THBS1","CD47",0.0326835279967938,0,"THBS","Other"
"Reactive","MK","MEP","THBS1","CD36",0.0291886303223232,0,"THBS","Other"
"Reactive","MK","HSC_MPP","THBS1","CD47",0.0279882032223096,0,"THBS","Other"
"Reactive","MK","MK","THBS1","CD47",0.026315363371261,0,"THBS","Other"
"Reactive","MK","MEP","CD99","PILRB",0.0240279888146483,0,"CD99","Other"
"Reactive","MK","NK","ICAM2","ITGAL_ITGB2",0.0227828287621156,0,"ICAM","Other"
"Reactive","MK","Neutrophil","ICAM2","ITGAM_ITGB2",0.0224168801787249,0,"ICAM","Other"
"Reactive","MK","cDC2","ICAM2","ITGAL_ITGB2",0.0219020870291934,0,"ICAM","Other"
"Reactive","MK","T_naive","THBS1","CD47",0.0201041473334732,0,"THBS","Other"
"Reactive","MK","T_CD8_GZMK","ICAM2","ITGAL_ITGB2",0.02007506613141,0,"ICAM","Other"
"Reactive","MK","NK","THBS1","CD47",0.019949116630936,0,"THBS","Other"
"Reactive","MK","T_CD8_GZMK","THBS1","CD47",0.019459957455728,0,"THBS","Other"
"Reactive","MK","Monocyte","THBS1","CD36",0.0194523306143589,0,"THBS","Other"
"Reactive","MK","B_naive","THBS1","CD47",0.0193657549166248,0,"THBS","Other"
"Reactive","MK","MK_prog","THBS1","CD47",0.0188920933867019,0,"THBS","Other"
"Reactive","MK","pDC","THBS1","CD47",0.0188884815536855,0,"THBS","Other"
"Reactive","MK","T_memory","THBS1","CD47",0.0180421554806626,0,"THBS","Other"
"Reactive","MK","MSC_stromal","THBS1","CD36",0.0155528246899886,0,"THBS","Other"
"Reactive","MK","cDC2","THBS1","CD36",0.0132469065725704,0,"THBS","Other"
"Reactive","MK","cDC2","THBS1","CD47",0.0128849319180912,0,"THBS","Other"
"Reactive","MK","GMP_promyelocyte","THBS1","CD36",0.0127522053265701,0,"THBS","Other"
"Reactive","MK","Plasma_cell","THBS1","SDC1",0.0125439864390959,0,"THBS","Other"
"Reactive","MK","T_CD4_memory","ICAM2","ITGAL_ITGB2",0.0122308201011634,0,"ICAM","Other"
"Reactive","MK","GMP_promyelocyte","THBS1","CD47",0.0102714858031454,0,"THBS","Other"
"Reactive","MK","Plasma_cell","THBS1","CD47",0.00855908255975485,0,"THBS","Other"
