"resolution","cluster","n_cells","pct_of_all_cells","n_samples_ge1pct","top_sample","top_sample_frac","max_enrichment","median_percent_ribo","median_percent_mt","median_nFeature","pct_flagged_sample"
0.2,"0",19886,17.78,17,"SRR27748971",0.226,2.8,9.5,4.8,1503,0.18
0.2,"1",15989,14.29,15,"SRR27748968",0.217,3.2,9.7,6.7,2480,0.16
0.2,"2",14032,12.54,15,"SRR27748962",0.24,3.6,21,3.7,1848,0.36
0.2,"3",12793,11.44,14,"SRR27748975",0.259,3.3,19.8,5,4935,0.03
0.2,"4",11677,10.44,13,"SRR27748974",0.318,4,5.2,2.6,1338,0.09
0.2,"5",9529,8.52,12,"SRR27748974",0.319,9.1,2.3,1.8,320,7.12
0.2,"6",8770,7.84,12,"SRR27748971",0.238,3.9,13.4,3.6,1339,0.09
0.2,"7",6233,5.57,16,"SRR27748975",0.222,3.4,27.9,6.4,661,0.08
0.2,"8",3335,2.98,12,"SRR27748974",0.188,4.1,1.5,1.9,976,1.62
0.2,"9",3092,2.76,11,"SRR27748963",0.367,6.6,5.4,9,451,0.1
0.2,"10",2503,2.24,11,"SRR27748968",0.286,4.2,7.8,6.5,2565,0.04
0.2,"11",1354,1.21,18,"SRR27748969",0.171,6,1.3,6.1,774,0
0.2,"12",810,0.72,11,"SRR27748970",0.18,3.4,10.8,7.4,2817,0.12
0.2,"13",738,0.66,8,"SRR27748963",0.393,7.1,3.8,3.6,4762,0
0.2,"14",687,0.61,13,"SRR27748980",0.274,3.9,5.5,3,1843,0.15
0.2,"15",433,0.39,12,"SRR27748962",0.296,4.4,6.7,3.3,1822,0
0.4,"0",15106,13.5,15,"SRR27748968",0.213,3.1,9.6,6.8,2440,0.16
0.4,"1",13215,11.81,15,"SRR27748962",0.241,3.6,21.7,3.6,1890,0.26
0.4,"2",12130,10.84,17,"SRR27748971",0.206,2.4,10.8,5.3,1537,0.28
0.4,"3",11564,10.34,13,"SRR27748974",0.317,4,5.2,2.6,1331,0.1
0.4,"4",9578,8.56,12,"SRR27748974",0.321,9,2.3,1.8,320,7.08
0.4,"5",8778,7.85,12,"SRR27748971",0.237,3.9,13.5,3.6,1339,0.09
0.4,"6",8533,7.63,17,"SRR27748971",0.246,3.8,7.5,4.3,1449,0.21
0.4,"7",8133,7.27,13,"SRR27748975",0.26,3.7,19.4,4.4,4728,0.05
0.4,"8",6288,5.62,16,"SRR27748975",0.222,3.4,27.9,6.4,674,0.08
0.4,"9",4704,4.21,13,"SRR27748975",0.256,2.7,20.5,6,5274,0
0.4,"10",3329,2.98,12,"SRR27748974",0.189,4.1,1.5,1.9,986,1.62
0.4,"11",3091,2.76,11,"SRR27748963",0.367,6.6,5.4,9,451,0.1
0.4,"12",2514,2.25,11,"SRR27748968",0.285,4.2,7.8,6.5,2564,0.04
0.4,"13",1538,1.37,15,"SRR27748968",0.196,2.9,12.4,6.4,3166,0.2
0.4,"14",1348,1.21,17,"SRR27748969",0.173,6,1.3,6.1,774,0
0.4,"15",738,0.66,8,"SRR27748963",0.393,7.1,3.8,3.6,4762,0
0.4,"16",487,0.44,13,"SRR27748980",0.376,5.4,7.9,2.4,1925,0.21
0.4,"17",435,0.39,12,"SRR27748962",0.294,4.4,6.7,3.2,1826,0
0.4,"18",200,0.18,14,"SRR27748967",0.42,12.5,2,7.4,1789,0
0.4,"19",152,0.14,10,"SRR27748970",0.388,4.2,11.4,9.8,2532,0
0.6,"0",13987,12.5,15,"SRR27748968",0.216,3.2,9.3,6.7,2536,0.16
0.6,"1",12207,10.91,14,"SRR27748962",0.239,3.6,22.5,3.4,1969,0.15
0.6,"2",9481,8.48,11,"SRR27748974",0.323,9.1,2.3,1.8,320,7.15
0.6,"3",8886,7.94,17,"SRR27748971",0.213,2.5,13.2,4.7,1826,0.14
0.6,"4",8773,7.84,12,"SRR27748971",0.237,3.9,13.5,3.6,1339,0.09
0.6,"5",8467,7.57,17,"SRR27748971",0.248,3.8,7.6,4.3,1431,0.2
0.6,"6",7912,7.07,13,"SRR27748975",0.263,3.7,19.5,4.4,4780,0.05
0.6,"7",6457,5.77,16,"SRR27748975",0.219,3.3,27.5,6.4,667,0.08
0.6,"8",6030,5.39,14,"SRR27748974",0.243,5.8,5.3,2.7,2319,0.02
0.6,"9",5587,4.99,12,"SRR27748974",0.4,3.2,5.1,2.6,704,0.18
0.6,"10",4716,4.22,14,"SRR27748975",0.259,2.6,20.6,6,5296,0
0.6,"11",4335,3.88,17,"SRR27748962",0.162,2.4,2.5,7.8,1155,0.9
0.6,"12",3336,2.98,12,"SRR27748974",0.188,4.1,1.5,1.9,976,1.62
0.6,"13",3093,2.77,11,"SRR27748963",0.367,6.6,5.4,9,451,0.1
0.6,"14",2525,2.26,11,"SRR27748968",0.286,4.2,7.8,6.5,2580,0.04
0.6,"15",1351,1.21,18,"SRR27748969",0.172,6,1.3,6.1,775,0
0.6,"16",1173,1.05,14,"SRR27748970",0.221,6.4,15.6,8.4,777,0.09
0.6,"17",818,0.73,11,"SRR27748970",0.178,3.4,10.8,7.4,2812,0.12
0.6,"18",803,0.72,15,"SRR27748968",0.352,5.2,14.5,5.8,3825,0.25
0.6,"19",723,0.65,8,"SRR27748963",0.401,7.2,3.7,3.5,4717,0
0.6,"20",492,0.44,13,"SRR27748980",0.378,5.4,7.9,2.4,1888,0.2
0.6,"21",342,0.31,10,"SRR27748962",0.342,5.1,6.2,2.9,1588,0
0.6,"22",200,0.18,14,"SRR27748967",0.42,12.5,2,7.4,1789,0
0.6,"23",92,0.08,16,"SRR27748974",0.141,2.8,9.1,3.9,3405,0
0.6,"24",75,0.07,3,"SRR27748967",0.76,22.6,1.9,11.8,280,0
0.8,"0",14181,12.68,15,"SRR27748968",0.216,3.2,9.3,6.7,2527,0.16
0.8,"1",9979,8.92,15,"SRR27748962",0.243,3.6,23.2,3.4,1945,0.15
0.8,"2",8773,7.84,12,"SRR27748971",0.237,3.9,13.5,3.6,1339,0.09
0.8,"3",8544,7.64,17,"SRR27748971",0.218,2.5,13.3,4.7,1796,0.14
0.8,"4",8478,7.58,17,"SRR27748971",0.246,3.7,7.6,4.3,1443,0.2
0.8,"5",7893,7.06,13,"SRR27748975",0.265,3.7,19.6,4.4,4788,0.05
0.8,"6",6490,5.8,11,"SRR27748974",0.271,13,3.5,1.8,310,10.23
0.8,"7",5804,5.19,11,"SRR27748974",0.386,3.1,4.6,2.5,726,0.17
0.8,"8",5783,5.17,13,"SRR27748974",0.249,5.8,6,2.8,2312,0.02
0.8,"9",5372,4.8,16,"SRR27748975",0.194,3.3,29.8,6.5,584,0.09
0.8,"10",4742,4.24,13,"SRR27748975",0.257,2.7,20.5,6,5274,0
0.8,"11",4548,4.07,17,"SRR27748971",0.162,2.4,2.6,7.8,1172,0.9
0.8,"12",3357,3,12,"SRR27748974",0.19,4.1,1.5,1.9,980,1.61
0.8,"13",3103,2.77,11,"SRR27748963",0.366,6.6,5.5,9,453,0.1
0.8,"14",3069,2.74,13,"SRR27748974",0.426,3.4,1.5,1.8,348,0.46
0.8,"15",2546,2.28,11,"SRR27748968",0.287,4.2,7.9,6.5,2584,0.04
0.8,"16",2327,2.08,15,"SRR27748962",0.23,3.4,18.8,3.5,2141,0.04
0.8,"17",1357,1.21,17,"SRR27748969",0.172,6,1.3,6.1,771,0
0.8,"18",1090,0.97,12,"SRR27748975",0.341,3,18.8,6,1460,0
0.8,"19",1031,0.92,14,"SRR27748969",0.21,7.3,16.1,8.2,730,0.1
0.8,"20",819,0.73,11,"SRR27748970",0.178,3.4,10.8,7.4,2815,0.12
0.8,"21",725,0.65,15,"SRR27748968",0.359,5.3,15.2,5.8,3823,0.28
0.8,"22",723,0.65,8,"SRR27748963",0.401,7.2,3.7,3.5,4717,0
0.8,"23",492,0.44,13,"SRR27748980",0.378,5.4,7.9,2.4,1888,0.2
0.8,"24",342,0.31,10,"SRR27748962",0.342,5.1,6.2,2.9,1588,0
0.8,"25",200,0.18,14,"SRR27748967",0.42,12.5,2,7.4,1789,0
0.8,"26",93,0.08,16,"SRR27748971",0.14,2.8,9.1,3.9,3287,0
1,"0",11938,10.67,15,"SRR27748968",0.217,3.2,10.1,6.2,2649,0.18
1,"1",8436,7.54,17,"SRR27748971",0.219,2.5,13.3,4.7,1802,0.14
1,"2",8313,7.43,17,"SRR27748971",0.248,3.8,7.6,4.2,1469,0.22
1,"3",8076,7.22,13,"SRR27748975",0.26,3.7,19.4,4.4,4738,0.05
1,"4",7593,6.79,14,"SRR27748962",0.233,3.6,23.4,3.2,1838,0.17
1,"5",6494,5.81,12,"SRR27748971",0.267,4.3,13.6,3.4,1246,0.09
1,"6",5797,5.18,13,"SRR27748974",0.249,5.9,6,2.8,2314,0.02
1,"7",5770,5.16,11,"SRR27748974",0.386,3.1,4.6,2.5,725,0.17
1,"8",5409,4.84,11,"SRR27748974",0.285,11.8,4.2,2.1,301,9.24
1,"9",4701,4.2,16,"SRR27748962",0.232,3.5,9.7,4.6,1708,0.83
1,"10",4565,4.08,14,"SRR27748975",0.256,2.7,20.8,6,5220,0
1,"11",4241,3.79,15,"SRR27748963",0.202,3.6,30.3,6.8,500,0.12
1,"12",4091,3.66,14,"SRR27748974",0.375,5.5,1.4,1.5,356,4.35
1,"13",3353,3,12,"SRR27748974",0.191,4.1,1.5,1.9,980,1.61
1,"14",3044,2.72,11,"SRR27748963",0.368,6.6,5.3,9.1,449,0.1
1,"15",2591,2.32,16,"SRR27748971",0.207,3.1,3.2,8.3,919,0.15
1,"16",2531,2.26,11,"SRR27748968",0.286,4.2,7.8,6.5,2566,0.04
1,"17",2305,2.06,15,"SRR27748968",0.228,3.8,2.1,11.5,2225,0.04
1,"18",2273,2.03,12,"SRR27748980",0.173,2.8,13,4.4,1787,0.09
1,"19",2241,2,12,"SRR27748962",0.285,4.2,23.5,4.4,2335,0
1,"20",2119,1.89,12,"SRR27748975",0.288,2.8,24.1,5.5,1358,0
1,"21",1362,1.22,18,"SRR27748969",0.173,6,1.3,6.1,770,0
1,"22",1139,1.02,14,"SRR27748970",0.212,6.7,16,8.4,777,0.09
1,"23",887,0.79,8,"SRR27748963",0.346,6.2,5,4.2,5122,0
1,"24",821,0.73,11,"SRR27748970",0.179,3.4,10.8,7.4,2809,0.12
1,"25",562,0.5,15,"SRR27748968",0.34,5,16.9,5.3,4239,0.36
1,"26",495,0.44,13,"SRR27748980",0.378,5.4,7.9,2.4,1846,0.2
1,"27",345,0.31,10,"SRR27748962",0.339,5,6.2,2.9,1585,0
1,"28",200,0.18,14,"SRR27748967",0.42,12.5,2,7.4,1789,0
1,"29",93,0.08,16,"SRR27748971",0.14,2.8,9.1,3.9,3287,0
1,"30",76,0.07,3,"SRR27748967",0.763,22.6,2,11.8,281,0
1.2,"0",11703,10.46,15,"SRR27748968",0.216,3.2,10.2,6.2,2640,0.19
1.2,"1",8351,7.47,17,"SRR27748971",0.248,3.8,7.7,4.3,1430,0.2
1.2,"2",7888,7.05,17,"SRR27748971",0.23,2.7,13,4.6,1739,0.14
1.2,"3",7782,6.96,14,"SRR27748962",0.231,3.6,23.2,3.2,1822,0.15
1.2,"4",6548,5.85,11,"SRR27748974",0.289,11.5,3.5,2,296,9.06
1.2,"5",6450,5.77,12,"SRR27748971",0.267,4.3,13.6,3.4,1247,0.09
1.2,"6",5396,4.82,13,"SRR27748974",0.242,6,5.6,2.7,2350,0.02
1.2,"7",5237,4.68,10,"SRR27748974",0.419,3.4,5.4,2.6,714,0.19
1.2,"8",5027,4.49,11,"SRR27748975",0.327,3,19.9,3.9,4782,0.04
1.2,"9",4759,4.25,13,"SRR27748975",0.256,2.6,20.5,6,5269,0
1.2,"10",4118,3.68,15,"SRR27748963",0.199,3.6,30.3,6.8,485,0.12
1.2,"11",3352,3,12,"SRR27748974",0.19,4.1,1.5,1.9,980,1.61
1.2,"12",3114,2.78,11,"SRR27748963",0.367,6.6,5.5,9,453,0.1
1.2,"13",2928,2.62,15,"SRR27748962",0.235,3.5,18,3.9,2232,0.07
1.2,"14",2886,2.58,14,"SRR27748974",0.393,3.8,1.3,1.5,385,2.95
1.2,"15",2770,2.48,12,"SRR27748972",0.209,5.2,18.8,5.8,4935,0.07
1.2,"16",2548,2.28,11,"SRR27748968",0.288,4.3,7.8,6.5,2584,0.04
1.2,"17",2390,2.14,16,"SRR27748971",0.213,3.2,2.9,8.2,950,0.21
1.2,"18",2350,2.1,15,"SRR27748968",0.214,3.9,2.2,11.3,2196,0.04
1.2,"19",2335,2.09,12,"SRR27748962",0.288,4.3,23.2,4.4,2320,0.09
1.2,"20",2316,2.07,11,"SRR27748980",0.172,2.8,13.2,4.4,1782,0.09
1.2,"21",2224,1.99,14,"SRR27748975",0.277,2.8,23.7,5.4,1405,0
1.2,"22",2203,1.97,17,"SRR27748962",0.232,3.5,2.3,7.3,1398,1.68
1.2,"23",1349,1.21,18,"SRR27748969",0.178,6.2,1.3,6.3,760,0
1.2,"24",880,0.79,13,"SRR27748969",0.235,8.2,17.4,7.8,650,0.11
1.2,"25",822,0.73,11,"SRR27748970",0.179,3.4,10.8,7.4,2789,0.12
1.2,"26",820,0.73,16,"SRR27748968",0.349,5.2,14.5,5.7,3876,0.24
1.2,"27",722,0.65,8,"SRR27748963",0.402,7.2,3.7,3.5,4696,0
1.2,"28",710,0.63,11,"SRR27748974",0.142,6.4,2.5,1.9,1487,0
1.2,"29",608,0.54,15,"SRR27748976",0.326,8.5,9.2,5.6,736,0
1.2,"30",496,0.44,13,"SRR27748980",0.377,5.4,7.9,2.4,1864,0.2
1.2,"31",345,0.31,10,"SRR27748962",0.339,5,6.2,2.9,1585,0
1.2,"32",201,0.18,13,"SRR27748967",0.418,12.4,2,7.3,1807,0
1.2,"33",156,0.14,10,"SRR27748970",0.385,4.1,11.3,9.8,2492,0
1.2,"34",77,0.07,3,"SRR27748967",0.766,22.7,2,11.9,282,0
