"SRR","n_cells_pre_doublet_filter","n_doublets_removed","n_cells_final","qc_flag"
"SRR27748962",7520,8,7512,"none"
"SRR27748963",6288,61,6227,"none"
"SRR27748964",884,6,878,"low_cell_recovery_884cells"
"SRR27748965",2394,16,2378,"none"
"SRR27748966",2777,54,2723,"none"
"SRR27748967",3798,28,3770,"none"
"SRR27748968",7727,155,7572,"none"
"SRR27748969",3224,6,3218,"none"
"SRR27748970",10748,368,10380,"none"
"SRR27748971",9973,351,9622,"none"
"SRR27748972",4519,32,4487,"none"
"SRR27748973",2360,15,2345,"none"
"SRR27748974",14363,433,13930,"none"
"SRR27748975",13299,650,12649,"none"
"SRR27748976",4319,18,4301,"none"
"SRR27748977",5262,80,5182,"none"
"SRR27748978",1675,7,1668,"none"
"SRR27748979",5311,67,5244,"none"
"SRR27748980",7977,202,7775,"none"
