"SRR","patient","disease_stage","n_cells_prefilter","n_cells_postfilter","pct_retained","median_nFeature_prefilter","median_nCount_prefilter","median_percent_mt_prefilter"
"SRR27748962","MPN030","PMF(MF2)",8691,7520,86.5,2357,6696,7.72
"SRR27748963","MPN016","PMF(MF3)",7202,6288,87.3,590,4808.5,4.53
"SRR27748964","MPN015","PMF(MF3)",2538,884,34.8,160,7815,0
"SRR27748965","MPN111","prefibrotic",2406,2394,99.5,971.5,1810,1.55
"SRR27748966","MPN099","prefibrotic",2789,2777,99.6,1500,2807,2.21
"SRR27748967","MPN052","prefibrotic",8173,3798,46.5,1102,3412,22.58
"SRR27748968","MPN038","prefibrotic",8724,7727,88.6,2464,6370.5,8.57
"SRR27748969","MPN019","prefibrotic",3905,3224,82.6,1286,4428,6.15
"SRR27748970","MPN136","PMF(MF3)",13402,10748,80.2,1192,3302,8.8
"SRR27748971","MPN104","PMF(MF3)",10063,9973,99.1,991,1664,3
"SRR27748972","MPN101","PMF(MF3)",6313,4519,71.6,1547,5583,9.57
"SRR27748973","MPN098","PMF(MF3)",2377,2360,99.3,1156,2439,1.63
"SRR27748974","MPN071","PMF(MF3)",15143,14363,94.8,1080,4192,2.48
"SRR27748975","MPN068","PMF(MF3)",14427,13299,92.2,2182,5664,5.47
"SRR27748976","MPN063","PMF(MF2)",4758,4319,90.8,1808.5,5652.5,5.13
"SRR27748977","MPN060","PMF(MF3)",5867,5262,89.7,2937,8465,6.69
"SRR27748978","MPN035","PMF(MF2)",1756,1675,95.4,2905.5,8040,5.51
"SRR27748979","MPN069","Reactive",5368,5311,98.9,1025,1550,2.77
"SRR27748980","MPN014","Reactive",8321,7977,95.9,1184,2022,2.29
