SRR,n_cells,n_predicted_doublets,pct_doublets,scrublet_threshold
SRR27748962,7520,8,0.11,0.6351159981955689
SRR27748963,6288,61,0.97,0.3466034167561715
SRR27748964,884,6,0.68,0.3582451871679249
SRR27748965,2394,16,0.67,0.3205091867462929
SRR27748966,2777,54,1.94,0.28036676632535973
SRR27748967,3798,28,0.74,0.38415801317019843
SRR27748968,7727,155,2.01,0.2767280451253664
SRR27748969,3224,6,0.19,0.5026780980207595
SRR27748970,10748,368,3.42,0.228060981814317
SRR27748971,9973,351,3.52,0.2379851331657673
SRR27748972,4519,32,0.71,0.3198855776167565
SRR27748973,2360,15,0.64,0.3575925167040026
SRR27748974,14363,433,3.01,0.2290107283899135
SRR27748975,13299,650,4.89,0.19080649535209349
SRR27748976,4319,18,0.42,0.4451725866046041
SRR27748977,5262,80,1.52,0.27037073286678975
SRR27748978,1675,7,0.42,0.4262429986161672
SRR27748979,5311,67,1.26,0.30869344006769983
SRR27748980,7977,202,2.53,0.2703169245426234
