"cluster","n_cells","pct_of_all","singler_cluster","singler_fine","singler_cell_top","singler_cell_purity","median_nFeature","median_pct_mt","median_pct_ribo","top_sample","max_enrichment","pct_from_SRR27748964","pct_from_SRR27748967"
"0",14181,12.68,"Monocyte","Monocyte:CD16-","Monocyte",99.4,2527,6.7,9.3,"SRR27748968",3.2,0.16,2.1
"1",9979,8.92,"T_cells","T_cell:CD4+_Naive","T_cells",100,1945,3.4,23.2,"SRR27748962",3.6,0.15,0.27
"2",8773,7.84,"B_cell","B_cell:Naive","B_cell",98.4,1339,3.6,13.5,"SRR27748971",3.9,0.09,0.47
"3",8544,7.64,"T_cells","T_cell:CD8+","T_cells",89.4,1796,4.7,13.3,"SRR27748971",2.5,0.14,0.57
"4",8478,7.58,"NK_cell","NK_cell","NK_cell",89.8,1443,4.3,7.6,"SRR27748971",3.7,0.2,0.47
"5",7893,7.06,"CMP","CMP","CMP",95,4788,4.4,19.6,"SRR27748975",3.7,0.05,5.35
"6",6490,5.8,"BM","BM","Erythroblast",51.1,310,1.8,3.5,"SRR27748974",13,10.23,0.26
"7",5804,5.19,"Erythroblast","MEP","Erythroblast",85.9,726,2.5,4.6,"SRR27748974",3.1,0.17,7.56
"8",5783,5.17,"Erythroblast","Erythroblast","Erythroblast",99.1,2312,2.8,6,"SRR27748974",5.8,0.02,19.61
"9",5372,4.8,"MEP","MEP","MEP",32.7,584,6.5,29.8,"SRR27748975",3.3,0.09,2.64
"10",4742,4.24,"MEP","MEP","MEP",61.3,5274,6,20.5,"SRR27748975",2.7,0,6.33
"11",4548,4.07,"T_cells","T_cell:CD8+","T_cells",80.7,1172,7.8,2.6,"SRR27748971",2.4,0.9,0.44
"12",3357,3,"Erythroblast","Erythroblast","Erythroblast",94.6,980,1.9,1.5,"SRR27748974",4.1,1.61,12.99
"13",3103,2.77,"Platelets","Platelets","Platelets",74.2,453,9,5.5,"SRR27748963",6.6,0.1,0
"14",3069,2.74,"BM","BM","Erythroblast",53.2,348,1.8,1.5,"SRR27748974",3.4,0.46,3.39
"15",2546,2.28,"Monocyte","Monocyte:CD16+","Monocyte",99.1,2584,6.5,7.9,"SRR27748968",4.2,0.04,0.16
"16",2327,2.08,"T_cells","T_cell:CD4+_central_memory","T_cells",99.9,2141,3.5,18.8,"SRR27748962",3.4,0.04,0.52
"17",1357,1.21,"HSC_-G-CSF","Neutrophil","Neutrophils",41,771,6.1,1.3,"SRR27748969",6,0,1.03
"18",1090,0.97,"MEP","MEP","MEP",58.4,1460,6,18.8,"SRR27748975",3,0,5.23
"19",1031,0.92,"Monocyte","Monocyte:CD16-","Monocyte",83.2,730,8.2,16.1,"SRR27748969",7.3,0.1,1.07
"20",819,0.73,"Pro-Myelocyte","Monocyte:CD16-","Monocyte",44.2,2815,7.4,10.8,"SRR27748970",3.4,0.12,11.6
"21",725,0.65,"Monocyte","Monocyte:CD16-","Monocyte",97.9,3823,5.8,15.2,"SRR27748968",5.3,0.28,2.07
"22",723,0.65,"MEP","MEP","Platelets",52.9,4717,3.5,3.7,"SRR27748963",7.2,0,0.28
"23",492,0.44,"Pro-B_cell_CD34+","Pro-B_cell_CD34+","Pro-B_cell_CD34+",38.8,1888,2.4,7.9,"SRR27748980",5.4,0.2,1.02
"24",342,0.31,"B_cell","B_cell:Plasma_cell","B_cell",81.2,1588,2.9,6.2,"SRR27748962",5.1,0,0.58
"25",200,0.18,"Tissue_stem_cells","Tissue_stem_cells:BM_MSC:BMP2","Tissue_stem_cells",22.2,1789,7.4,2,"SRR27748967",12.5,0,42
"26",93,0.08,"NK_cell","NK_cell","NK_cell",60.2,3287,3.9,9.1,"SRR27748971",2.8,0,0
