"cluster","n_cells","ery_score","pct_HBB_pos","median_nFeature","median_pct_mt","median_pct_ribo","singler"
"0",14181,0.579,80.9,2527,6.7,9.3,"Monocyte"
"1",9979,0.576,69.2,1945,3.4,23.2,"T_cells"
"2",8773,0.538,43.9,1339,3.6,13.5,"B_cell"
"3",8544,0.523,61.1,1796,4.7,13.3,"T_cells"
"4",8478,0.491,52,1443,4.3,7.6,"NK_cell"
"5",7893,0.73,95.8,4788,4.4,19.6,"CMP"
"6",6490,3.769,98.4,310,1.8,3.5,"BM"
"7",5804,4.363,99.9,726,2.5,4.6,"Erythroblast"
"8",5783,4.113,99.8,2312,2.8,6,"Erythroblast"
"9",5372,2.279,87.9,584,6.5,29.8,"MEP"
"10",4742,1.191,96.7,5274,6,20.5,"MEP"
"11",4548,0.726,61.8,1172,7.8,2.6,"T_cells"
"12",3357,4.044,100,980,1.9,1.5,"Erythroblast"
"13",3103,1.589,91.7,453,9,5.5,"Platelets"
"14",3069,3.8,98,348,1.8,1.5,"BM"
"15",2546,0.508,69.7,2584,6.5,7.9,"Monocyte"
"16",2327,0.571,70.6,2141,3.5,18.8,"T_cells"
"17",1357,0.945,70.6,771,6.1,1.3,"HSC_-G-CSF"
"18",1090,2.428,96.5,1460,6,18.8,"MEP"
"19",1031,1.425,77.1,730,8.2,16.1,"Monocyte"
"20",819,0.801,91.3,2815,7.4,10.8,"Pro-Myelocyte"
"21",725,0.341,80.4,3823,5.8,15.2,"Monocyte"
"22",723,1.039,95.6,4717,3.5,3.7,"MEP"
"23",492,0.463,67.5,1888,2.4,7.9,"Pro-B_cell_CD34+"
"24",342,0.517,68.4,1588,2.9,6.2,"B_cell"
"25",200,0.948,77.5,1789,7.4,2,"Tissue_stem_cells"
"26",93,0.619,68.8,3287,3.9,9.1,"NK_cell"
