"","0","1","2","3","4","5","6","7","8","9","10","11","12","13","14","15","16","17","18","19","20","21","22","23","24","25","26"
"HSPC",0.039,0.007,0.009,0.012,0.017,1.275,0.018,0.023,0.02,0.137,0.647,0.02,0.023,0.174,0.019,0.02,0.01,0.06,0.122,0.058,0.101,0.06,0.529,0.13,0.008,0.265,0.003
"MEP",0.16,0.114,0.148,0.128,0.105,0.222,0.386,1.071,1.293,0.428,0.861,0.157,1.209,0.275,0.507,0.257,0.157,0.21,0.759,0.196,0.221,0.146,0.499,0.186,0.161,0.213,0.152
"Erythroid",0.579,0.576,0.538,0.523,0.491,0.73,3.769,4.363,4.113,2.279,1.191,0.726,4.044,1.589,3.8,0.508,0.571,0.945,2.428,1.425,0.801,0.341,1.039,0.463,0.517,0.948,0.619
"Megakaryo",0.501,0.166,0.128,0.185,0.19,0.251,0.482,0.421,0.223,2.198,0.466,0.273,0.313,3.708,0.286,0.38,0.125,0.637,1.917,0.759,0.326,0.209,2.478,0.212,0.09,0.508,0.155
"GranProg",0.065,0.01,0.008,0.008,0.01,0.677,0.035,0.035,0.017,0.204,0.016,0.02,0.021,0.083,0.028,0.013,0.012,0.359,0.047,0.153,2.159,0.019,0.013,0.008,0.024,0.056,0.006
"Monocyte",3.256,0.288,0.391,0.344,0.379,0.366,0.578,0.509,0.284,0.738,0.294,0.452,0.375,0.915,0.45,1.802,0.305,2.26,0.5,3.179,2.682,1.951,0.321,0.406,0.367,0.958,0.231
"Mono_CD16",0.317,0.018,0.058,0.142,0.447,0.09,0.022,0.019,0.02,0.072,0.061,0.091,0.014,0.11,0.015,1.815,0.024,0.215,0.038,0.777,0.114,0.188,0.136,0.037,0.027,0.088,0.251
"cDC",0.022,0.001,0.038,0.002,0.002,0.123,0.003,0.007,0.002,0.043,0.205,0.001,0.003,0.026,0.003,0.008,0.001,0.1,0.054,0.041,0.1,1.061,0.058,0.105,0.001,0.064,0.003
"pDC",0.149,0.158,0.173,0.042,0.042,0.173,0.003,0.005,0.009,0.029,0.136,0.109,0.004,0.011,0.002,0.137,0.108,0.174,0.018,0.098,0.148,0.22,0.085,1.222,0.037,0.18,0.026
"B_cell",0.055,0.034,2.168,0.056,0.049,0.183,0.014,0.02,0.018,0.203,0.166,0.061,0.068,0.202,0.017,0.113,0.05,0.069,0.219,0.082,0.082,0.138,0.442,1.268,0.418,0.788,0.045
"ProB",0.002,0.005,0.004,0.002,0.002,0.124,0.001,0.002,0.003,0.03,0.142,0.003,0.004,0.006,0.002,0.001,0.004,0.003,0.155,0.003,0.007,0.004,0.003,1.282,0.066,0.187,0
"Plasma",0.135,0.18,0.372,0.194,0.201,0.313,0.024,0.029,0.059,0.15,0.195,0.157,0.022,0.085,0.021,0.089,0.19,0.105,0.34,0.186,0.208,0.11,0.21,1.049,2.52,0.126,0.667
"T_cell",0.022,1.528,0.057,1.677,0.872,0.021,0.084,0.029,0.019,0.545,0.023,1.016,0.033,0.048,0.052,0.041,1.661,0.061,0.031,0.255,0.04,0.109,0.035,0.126,0.062,0.044,0.92
"T_naive",0.286,1.568,0.545,0.43,0.207,0.275,0.042,0.038,0.03,0.351,0.13,1.021,0.047,0.047,0.035,0.08,1.265,0.232,0.052,0.397,0.276,0.236,0.062,0.503,0.099,0.287,0.33
"T_CD8",0.006,0.42,0.018,1.317,0.296,0.007,0.027,0.011,0.01,0.136,0.007,0.459,0.011,0.023,0.02,0.012,0.311,0.006,0.021,0.068,0.01,0.009,0.019,0.005,0.013,0.123,0.533
"NK",0.086,0.073,0.11,1.778,2.638,0.047,0.166,0.046,0.039,0.423,0.04,1.18,0.087,0.098,0.15,0.146,0.225,0.161,0.107,0.309,0.203,0.09,0.081,0.089,0.135,0.18,2.022
"Cycling",0.027,0.011,0.012,0.02,0.02,0.094,0.125,1.06,1.425,0.271,0.306,0.028,0.1,0.103,0.028,0.012,0.019,0.027,1.126,0.093,0.752,0.063,0.1,0.076,0.019,0.05,0.998
"Baso_Mast",0.002,0.002,0.003,0.003,0.003,0.127,0.005,0.005,0.002,0.144,0.39,0.006,0.001,0.03,0.004,0.005,0.002,0.182,0.181,0.008,0.021,0.001,0.081,0.014,0.001,0.098,0.002
"Stromal",0.027,0.021,0.012,0.032,0.06,0.148,0.012,0.025,0.051,0.087,0.23,0.044,0.068,0.06,0.015,0.031,0.021,0.043,0.101,0.031,0.03,0.028,0.118,0.023,0.012,1.927,0.028
"Endothelial",0.649,0.238,0.321,0.205,0.169,0.335,0.036,0.025,0.013,0.343,0.187,0.223,0.028,0.611,0.021,1.125,0.066,0.627,0.466,0.541,0.443,0.321,0.901,0.381,0.267,0.275,0.159
