"cell_type","disease_stage","n_patients","PMF_fibrosis","MK_profibrotic_secretome","MPN_inflammation","JAK_STAT_targets","Stromal_niche","HALLMARK_TGF_BETA_SIGNALING","HALLMARK_ANGIOGENESIS","HALLMARK_INFLAMMATORY_RESPONSE","HALLMARK_EPITHELIAL_MESENCHYMAL_TRANSITION"
"B_naive","PMF(MF2)",3,0.0186,0.0266,0.0097,0.069,6e-04,0.0966,0.024,0.117,0.0846
"B_naive","PMF(MF3)",7,0.0088,0.0179,0.0086,0.0606,7e-04,0.0855,0.0281,0.1049,0.0818
"B_naive","Reactive",2,0.0121,0.0154,0.0064,0.0542,9e-04,0.0874,0.0215,0.1047,0.0796
"B_naive","prefibrotic",5,0.0121,0.02,0.0047,0.0588,5e-04,0.0884,0.0242,0.1101,0.0849
"Erythroblast","PMF(MF2)",2,0.0032,0.0154,0.016,0.1272,0.0129,0.0776,0.0109,0.0867,0.0786
"Erythroblast","PMF(MF3)",8,0.0037,0.0228,0.015,0.1256,0.0051,0.0799,0.0131,0.0854,0.0778
"Erythroblast","Reactive",1,9e-04,0.003,0.0065,0.0964,0.0024,0.0521,0.0037,0.0742,0.0635
"Erythroblast","prefibrotic",2,0.0025,0.0114,0.0336,0.0954,0.0087,0.0635,0.0104,0.0769,0.0704
"Erythroid_S_phase","PMF(MF2)",2,0.0011,0.0045,0.0048,0.0768,0.0027,0.0828,0.0172,0.0823,0.0747
"Erythroid_S_phase","PMF(MF3)",8,0.0035,0.0136,0.0091,0.0627,0.0024,0.0811,0.0216,0.0823,0.0762
"Erythroid_S_phase","Reactive",2,0.0019,0.0028,0.0035,0.0368,0.0027,0.0686,0.0282,0.0797,0.0748
"Erythroid_S_phase","prefibrotic",3,0.001,0.0057,0.0024,0.0441,0.0039,0.0692,0.0217,0.0786,0.0743
"Erythroid_cycling","PMF(MF2)",2,0.0043,0.0168,0.0165,0.054,0.0025,0.0609,0.0212,0.0781,0.0731
"Erythroid_cycling","PMF(MF3)",7,0.0052,0.0285,0.0305,0.0484,0.0027,0.0508,0.0178,0.0765,0.074
"Erythroid_cycling","Reactive",2,0.0052,0.0101,0.0077,0.0357,7e-04,0.0734,0.0175,0.0799,0.0758
"Erythroid_cycling","prefibrotic",3,0.0018,0.0114,0.0146,0.0489,0.0037,0.0637,0.0174,0.0754,0.0766
"Erythroid_late","PMF(MF2)",1,0.0062,0.0297,0.0172,0.0473,0.0011,0.0351,0.013,0.059,0.0657
"Erythroid_late","PMF(MF3)",9,0.0055,0.0358,0.0175,0.0255,0.0019,0.0377,0.0164,0.0547,0.0613
"Erythroid_late","Reactive",2,0.0146,0.0181,0.0105,0.0858,0.0011,0.0533,0.0074,0.0647,0.0627
"Erythroid_late","prefibrotic",2,0.0031,0.0237,0.0352,0.0603,0.0031,0.0415,0.0145,0.0674,0.0615
"Erythroid_late_HBG","PMF(MF2)",1,0.0021,0.0182,0.0257,0.1056,0.0044,0.0459,0.0082,0.0626,0.0659
"Erythroid_late_HBG","PMF(MF3)",8,0.0056,0.0323,0.0259,0.0712,0.0019,0.0416,0.0149,0.061,0.0663
"Erythroid_late_HBG","Reactive",1,0.0024,0,0.0029,0.0917,0,0.0276,0.0035,0.0481,0.0481
"Erythroid_late_HBG","prefibrotic",4,0.0044,0.0263,0.0478,0.0967,0.0037,0.0449,0.0163,0.0666,0.0703
"GMP_promyelocyte","PMF(MF2)",1,0.0286,0.043,0.1187,0.0394,0.0011,0.1352,0.0739,0.1441,0.1145
"GMP_promyelocyte","PMF(MF3)",5,0.0175,0.0246,0.0926,0.0601,0.0023,0.1001,0.0596,0.1159,0.1049
"GMP_promyelocyte","Reactive",1,0.0152,0.0166,0.1145,0.0334,0.0012,0.0865,0.0692,0.1004,0.0966
"GMP_promyelocyte","prefibrotic",3,0.0199,0.0158,0.1098,0.0452,0.0029,0.0933,0.0749,0.1071,0.1024
"HSC_MPP","PMF(MF2)",2,0.0133,0.0179,0.0141,0.0949,0.0647,0.0904,0.0336,0.108,0.0908
"HSC_MPP","PMF(MF3)",8,0.0117,0.0178,0.0083,0.0982,0.0661,0.0778,0.0404,0.1004,0.0856
"HSC_MPP","Reactive",2,0.0101,0.0112,0.0071,0.0566,0.021,0.0822,0.0278,0.0928,0.084
"HSC_MPP","prefibrotic",4,0.008,0.0097,0.0078,0.0779,0.0448,0.0785,0.0371,0.1,0.0858
"MEP","PMF(MF2)",2,0.0155,0.0192,0.014,0.1108,0.0515,0.0764,0.044,0.0971,0.0833
"MEP","PMF(MF3)",8,0.0187,0.0273,0.0132,0.1011,0.0765,0.0813,0.0474,0.0988,0.0871
"MEP","Reactive",2,0.0094,0.0093,0.0031,0.0603,0.0106,0.0743,0.037,0.0846,0.0763
"MEP","prefibrotic",4,0.0093,0.0085,0.0098,0.0624,0.0292,0.069,0.0455,0.0876,0.0812
"MSC_stromal","prefibrotic",2,0.1039,0.0447,0.0225,0.0888,0.2748,0.105,0.1242,0.098,0.161
"Megakaryocyte","PMF(MF2)",3,0.1067,0.2489,0.0233,0.0243,0.0042,0.0746,0.0811,0.0917,0.1094
"Megakaryocyte","PMF(MF3)",7,0.1056,0.2519,0.0438,0.031,0.0096,0.0759,0.0797,0.0906,0.109
"Megakaryocyte","prefibrotic",3,0.0933,0.2364,0.0146,0.0394,0.007,0.0734,0.08,0.0918,0.1044
"Megakaryocyte_mature","PMF(MF3)",7,0.11,0.218,0.0387,0.1044,0.0674,0.123,0.0919,0.1124,0.1162
"Megakaryocyte_prog","PMF(MF2)",2,0.014,0.0318,0.0276,0.0695,0.0057,0.0617,0.0316,0.0939,0.0802
"Megakaryocyte_prog","PMF(MF3)",8,0.0418,0.1188,0.0271,0.0263,0.0099,0.0593,0.0612,0.082,0.0879
"Megakaryocyte_prog","Reactive",2,0.0148,0.0212,0.0072,0.0556,0.0011,0.0611,0.0336,0.0835,0.0765
"Megakaryocyte_prog","prefibrotic",5,0.0123,0.0286,0.0215,0.0303,0.0031,0.0527,0.0337,0.0801,0.0806
"Monocyte_S100high","PMF(MF2)",1,0.0464,0.0702,0.0947,0.0717,4e-04,0.1158,0.0704,0.1341,0.1099
"Monocyte_S100high","PMF(MF3)",5,0.0261,0.0663,0.1232,0.0534,0.0016,0.0913,0.0699,0.1137,0.0988
"Monocyte_S100high","Reactive",1,0.0188,0.0235,0.1243,0.0271,0.0011,0.082,0.0591,0.1024,0.0924
"Monocyte_S100high","prefibrotic",2,0.0317,0.0495,0.127,0.05,0.0012,0.0929,0.071,0.1216,0.1017
"Monocyte_classical","PMF(MF2)",3,0.0444,0.0559,0.1475,0.1055,0.0036,0.152,0.0772,0.1718,0.1198
"Monocyte_classical","PMF(MF3)",9,0.0309,0.0634,0.1506,0.0869,0.0016,0.1291,0.0801,0.1572,0.1142
"Monocyte_classical","Reactive",2,0.0353,0.0434,0.1362,0.057,0.0023,0.12,0.0799,0.1358,0.1064
"Monocyte_classical","prefibrotic",5,0.0294,0.0394,0.1414,0.0734,0.0026,0.1222,0.0781,0.1529,0.1077
"Monocyte_nonclassical","PMF(MF2)",2,0.0362,0.0252,0.0505,0.072,0.002,0.1422,0.0603,0.1538,0.1059
"Monocyte_nonclassical","PMF(MF3)",7,0.0342,0.047,0.0649,0.0539,0.0022,0.1312,0.0629,0.1476,0.1031
"Monocyte_nonclassical","Reactive",2,0.0295,0.0217,0.0467,0.0579,0.002,0.1187,0.0603,0.1291,0.0945
"Monocyte_nonclassical","prefibrotic",2,0.0317,0.0312,0.0733,0.077,0.0017,0.1479,0.0578,0.1529,0.1066
"NK","PMF(MF2)",3,0.0393,0.0528,0.0309,0.0773,0.0015,0.1115,0.0305,0.1089,0.095
"NK","PMF(MF3)",8,0.0247,0.0393,0.0283,0.0898,0.0015,0.0978,0.0362,0.107,0.0942
"NK","Reactive",2,0.0304,0.0404,0.0188,0.069,0.0013,0.0973,0.0269,0.1035,0.0909
"NK","prefibrotic",5,0.0256,0.0399,0.0209,0.0803,0.002,0.0932,0.027,0.1051,0.0911
"Neutrophil","PMF(MF2)",2,0.0297,0.05,0.0853,0.0745,0.0021,0.1234,0.0479,0.1458,0.1004
"Neutrophil","PMF(MF3)",6,0.0226,0.0607,0.0892,0.0733,0.0036,0.1004,0.0405,0.1298,0.09
"Neutrophil","Reactive",2,0.0204,0.0282,0.0759,0.0515,9e-04,0.0905,0.0402,0.1113,0.0836
"Neutrophil","prefibrotic",4,0.0147,0.0369,0.068,0.0805,0.0019,0.0953,0.0192,0.1396,0.0879
"Plasma_cell","PMF(MF2)",1,0.0254,0.0299,0.0138,0.0424,0.0084,0.0741,0.0274,0.1012,0.0951
"Plasma_cell","Reactive",2,0.0121,0.0146,0.0093,0.0602,0.0068,0.0721,0.0216,0.0949,0.0869
"Plasma_cell","prefibrotic",1,0.0155,0.0201,0.0092,0.0643,0.0043,0.0765,0.0228,0.1094,0.0969
"Progenitor_G2M","PMF(MF3)",7,0.0683,0.1564,0.0222,0.0451,0.0161,0.0818,0.0689,0.0893,0.0992
"Progenitor_G2M","Reactive",1,0.0033,0.006,0.0035,0.0439,8e-04,0.0822,0.03,0.0852,0.0791
"Progenitor_G2M","prefibrotic",1,0.0039,0.0115,0.026,0.0438,0.0157,0.0681,0.0345,0.0802,0.0807
"T_CD4_memory","PMF(MF2)",2,0.0158,0.0199,0.0039,0.135,9e-04,0.087,0.0366,0.1161,0.0903
"T_CD4_memory","PMF(MF3)",7,0.0175,0.0238,0.0117,0.1113,0.002,0.0898,0.0415,0.1122,0.0928
"T_CD4_memory","Reactive",2,0.0206,0.023,0.008,0.0973,0.0011,0.089,0.0333,0.1036,0.0888
"T_CD4_memory","prefibrotic",4,0.0147,0.0213,0.0054,0.1037,0.0012,0.0881,0.0355,0.1102,0.0928
"T_CD4_naive","PMF(MF2)",3,0.0097,0.015,0.004,0.1094,0.0011,0.0806,0.0212,0.11,0.0837
"T_CD4_naive","PMF(MF3)",8,0.0114,0.0209,0.01,0.094,0.0013,0.084,0.0266,0.1063,0.0839
"T_CD4_naive","Reactive",2,0.0131,0.0149,0.0049,0.0837,0.0016,0.0791,0.023,0.0971,0.0812
"T_CD4_naive","prefibrotic",5,0.0111,0.0179,0.0051,0.0833,0.0015,0.0839,0.0283,0.101,0.0813
"T_CD8_GZMK","PMF(MF2)",3,0.0338,0.0476,0.0215,0.116,0.0014,0.0979,0.0418,0.111,0.0982
"T_CD8_GZMK","PMF(MF3)",8,0.0237,0.0364,0.0237,0.092,0.0017,0.0902,0.0393,0.1088,0.0948
"T_CD8_GZMK","Reactive",2,0.0289,0.0368,0.015,0.0829,0.0018,0.09,0.0371,0.1033,0.0927
"T_CD8_GZMK","prefibrotic",5,0.0209,0.0316,0.0236,0.087,0.0017,0.0878,0.0324,0.1071,0.0936
"T_memory","PMF(MF2)",3,0.0273,0.0447,0.0138,0.1003,0.0017,0.0931,0.0187,0.1042,0.0858
"T_memory","PMF(MF3)",9,0.0148,0.0362,0.0121,0.0873,0.0022,0.0901,0.0196,0.1014,0.0833
"T_memory","Reactive",2,0.0198,0.0256,0.0078,0.0777,0.0013,0.0772,0.0158,0.094,0.0802
"T_memory","prefibrotic",5,0.0147,0.0346,0.0156,0.0975,0.0023,0.0867,0.0193,0.1032,0.0854
"cDC2","PMF(MF2)",2,0.0368,0.04,0.072,0.0536,0.001,0.1339,0.0668,0.1397,0.1152
"cDC2","PMF(MF3)",4,0.0279,0.0429,0.1034,0.0692,5e-04,0.1216,0.0736,0.1354,0.1117
"cDC2","Reactive",2,0.0225,0.0232,0.0469,0.0506,0.0018,0.1068,0.0682,0.1139,0.0987
"cDC2","prefibrotic",2,0.0397,0.0336,0.0669,0.0644,0.0014,0.1286,0.0676,0.1363,0.1144
"pDC","PMF(MF2)",2,0.019,0.0405,0.0025,0.0529,0.0014,0.112,0.0661,0.107,0.0849
"pDC","PMF(MF3)",1,0.0121,0.033,0.0109,0.0719,0.0011,0.0993,0.061,0.1099,0.0905
"pDC","Reactive",2,0.0093,0.0128,0.0063,0.0503,0.0014,0.0939,0.0381,0.0948,0.0776
"pDC","prefibrotic",1,0.0104,0.0139,0.0011,0.0576,0,0.0935,0.0945,0.1086,0.0913
