"cell_type","HALLMARK_ADIPOGENESIS","HALLMARK_ALLOGRAFT_REJECTION","HALLMARK_ANDROGEN_RESPONSE","HALLMARK_ANGIOGENESIS","HALLMARK_APICAL_JUNCTION","HALLMARK_APICAL_SURFACE","HALLMARK_APOPTOSIS","HALLMARK_BILE_ACID_METABOLISM","HALLMARK_CHOLESTEROL_HOMEOSTASIS","HALLMARK_COAGULATION","HALLMARK_COMPLEMENT","HALLMARK_DNA_REPAIR","HALLMARK_E2F_TARGETS","HALLMARK_EPITHELIAL_MESENCHYMAL_TRANSITION","HALLMARK_ESTROGEN_RESPONSE_EARLY","HALLMARK_ESTROGEN_RESPONSE_LATE","HALLMARK_FATTY_ACID_METABOLISM","HALLMARK_G2M_CHECKPOINT","HALLMARK_GLYCOLYSIS","HALLMARK_HEDGEHOG_SIGNALING","HALLMARK_HEME_METABOLISM","HALLMARK_HYPOXIA","HALLMARK_IL2_STAT5_SIGNALING","HALLMARK_IL6_JAK_STAT3_SIGNALING","HALLMARK_INFLAMMATORY_RESPONSE","HALLMARK_INTERFERON_ALPHA_RESPONSE","HALLMARK_INTERFERON_GAMMA_RESPONSE","HALLMARK_KRAS_SIGNALING_DN","HALLMARK_KRAS_SIGNALING_UP","HALLMARK_MITOTIC_SPINDLE","HALLMARK_MTORC1_SIGNALING","HALLMARK_MYC_TARGETS_V1","HALLMARK_MYC_TARGETS_V2","HALLMARK_MYOGENESIS","HALLMARK_NOTCH_SIGNALING","HALLMARK_OXIDATIVE_PHOSPHORYLATION","HALLMARK_P53_PATHWAY","HALLMARK_PANCREAS_BETA_CELLS","HALLMARK_PEROXISOME","HALLMARK_PI3K_AKT_MTOR_SIGNALING","HALLMARK_PROTEIN_SECRETION","HALLMARK_REACTIVE_OXYGEN_SPECIES_PATHWAY","HALLMARK_SPERMATOGENESIS","HALLMARK_TGF_BETA_SIGNALING","HALLMARK_TNFA_SIGNALING_VIA_NFKB","HALLMARK_UNFOLDED_PROTEIN_RESPONSE","HALLMARK_UV_RESPONSE_DN","HALLMARK_UV_RESPONSE_UP","HALLMARK_WNT_BETA_CATENIN_SIGNALING","HALLMARK_XENOBIOTIC_METABOLISM","PMF_fibrosis","MK_profibrotic_secretome","MPN_inflammation","JAK_STAT_targets","Stromal_niche","n"
"B_naive",0.0967487699000722,0.15966780885385,0.102034128576314,0.0235777597486048,0.103033542192117,0.0636019469910385,0.102366412192123,0.0492837996912525,0.0564080712423355,0.0477282910874186,0.105582357831132,0.0797695037983889,0.0999375141532733,0.0797229258436562,0.0960350729837222,0.0927426032573249,0.0768705460920781,0.119362172390726,0.0903575682661188,0.031658777743401,0.112568151559882,0.110867301576963,0.123614370269049,0.0819567340078628,0.105490395040492,0.109860226021498,0.155658704442078,0.0765531000331596,0.108231442172218,0.137475007546567,0.108289658231696,0.171488421672556,0.0427277848309403,0.0847505819753908,0.0580432695961093,0.111033868308066,0.120057105696422,0.0491834496797451,0.0668237786058062,0.10967081720792,0.0986263314209,0.0621807641100439,0.0610165644217635,0.0863756045836482,0.129736275884342,0.0919290358540544,0.12096822099592,0.093709561981209,0.0420887506846116,0.0817347114172904,0.0119117975606976,0.0175415832125624,0.00795390212394088,0.0567117427388144,0.000815716149296453,8773
"Cycling_progenitor",0.107492849462366,0.185186837100432,0.123296738351254,0.0346243938435589,0.122054946054619,0.0567222222222222,0.117371513168147,0.0553610115491836,0.0690153540637412,0.0601342033981778,0.132465877412114,0.0981223689591302,0.197552311827957,0.0980560558921456,0.0946764961442381,0.0982774899251583,0.0957767537122376,0.197442398899388,0.110359485600043,0.0443970302099334,0.116745969993336,0.119504681442469,0.116779714709822,0.077144339025933,0.103231363817385,0.11854513542475,0.14981073827921,0.0751372596937113,0.105634152585765,0.169958195997911,0.145290071684588,0.24649811827957,0.0616975651958967,0.0866139563241326,0.0499303315412186,0.154277867383513,0.127594603843591,0.0621906158357771,0.076179907436406,0.141487421061615,0.111332399940263,0.0917444225001829,0.0667728421176332,0.0979921014204168,0.110646523297491,0.111407290066564,0.13222365090107,0.0931686870762276,0.0427103767811872,0.0846669840203106,0.0230668458781362,0.0325806451612903,0.0195042562724014,0.0641689708141321,0.000617084826762247,93
"Erythroblast",0.131503943501142,0.0939723721779448,0.0941973190348526,0.0122032510352965,0.0870227123464015,0.0317666567371661,0.109427036364791,0.0656655119025291,0.0505138543369106,0.0549991866905278,0.10548559219441,0.097396254379143,0.0980878760798332,0.0752248835299828,0.1002361029619,0.0978769817199438,0.094014454515795,0.120621834971701,0.0929669083177779,0.0147386555456261,0.450809322154412,0.114491182502194,0.101655672503006,0.0641279527122139,0.0825054857983068,0.096366992292865,0.113275701314636,0.0760055125653316,0.0990921513377469,0.121265775306879,0.119685227385563,0.141036775891173,0.0402791747557856,0.0830682868131114,0.0523089595124615,0.133908196306226,0.11101897732132,0.0276965905705852,0.0736755665840494,0.0945850679225121,0.123659829791811,0.144890285098251,0.0600460924159777,0.074408247737361,0.0996882335418528,0.0773264580407677,0.0895799536577016,0.100617972269498,0.0205868891843521,0.115880941668322,0.0035132509184788,0.0229746088486035,0.0258069146559428,0.11477909698285,0.00704560123125807,3357
"Erythroid_S_phase",0.134838875151306,0.105555610450993,0.0991971421983976,0.0195848277405377,0.0977542575487462,0.0402837600081245,0.109544139691227,0.0701406901454455,0.045328257879183,0.0516479353584847,0.102947885681415,0.12429296507042,0.248809405441236,0.0747632409363696,0.0948970915565244,0.105552638204349,0.115473096619215,0.25076690066263,0.10136774888333,0.0208564248248149,0.372413154596546,0.0968209598035998,0.0977863594734596,0.0568649815381799,0.0810399126430598,0.0819329965243548,0.100371554295774,0.0669407530693412,0.0960233386974018,0.173506595169635,0.141698324399101,0.272004699406306,0.064824159595803,0.0841154393758694,0.057074264006571,0.180292354026169,0.119340588179238,0.0565681874948691,0.0888226035802964,0.10872839768451,0.117425298288086,0.155071842051709,0.0814175853665681,0.0748723493509072,0.0897046688569946,0.0979879897359255,0.0940864760347728,0.114556209667915,0.0296263874068794,0.107006335319519,0.00194663669375757,0.0106711296657691,0.0144103118335351,0.0557167807119389,0.00403859972716967,5783
"Erythroid_cycling",0.128553376694234,0.102728907052139,0.0833491994027108,0.0159759918784881,0.0903447715619428,0.0256577688621968,0.10378839003015,0.0675697762717921,0.0404123856799598,0.0542293403864668,0.102441447556196,0.115128460353656,0.173219432000919,0.0735680807098436,0.0876876495253477,0.100379650327509,0.109045625721625,0.179643114176453,0.0983809640899189,0.0135068179580585,0.332699665049345,0.0946712430320164,0.0911305427349535,0.0494967723409143,0.0757406734470828,0.0879937435019337,0.104436983042943,0.0539156880442955,0.0907027188028899,0.129849612177589,0.126282381690788,0.217192314208592,0.045824993860754,0.0821407942975694,0.0528921361704572,0.177722177234091,0.114528615972119,0.0478054372115365,0.0808428474726726,0.0951985565510376,0.101412239643158,0.154286621471469,0.0687640236806725,0.0545407190443372,0.0893970052262807,0.0873594693520068,0.0687078339188953,0.107022346401413,0.0180143579140822,0.103584481667337,0.00423246324373995,0.0299143037642348,0.0352069370261888,0.0480196088083752,0.00308663086760089,5804
"Erythroid_late",0.0992017889060092,0.0945512324035932,0.06120062403698,0.0153182784978398,0.0777198548332851,0.0130213833247732,0.0827074467168793,0.0453351942209287,0.0340149398242619,0.048867946380613,0.0860575806861631,0.0861668931379544,0.0851038122752953,0.0613587500228127,0.0773708253568038,0.0838055390117918,0.072993830668561,0.0888974742286761,0.0781853626117232,0.00527096925673197,0.238158129631207,0.0856830078718699,0.0793060447827012,0.0328363594066286,0.0532392388185917,0.0681932679935825,0.0925512671214315,0.0427869901830322,0.0829319206419085,0.0837580318128908,0.0886926440677966,0.133021142013354,0.0186945353594389,0.0734951392308548,0.0398854295069337,0.127106508731382,0.0946584450242997,0.0189158783520879,0.0563048284390723,0.0628069929317387,0.0671771753552474,0.105792287454273,0.0382524127072335,0.0348787289086724,0.0822522763225475,0.0575686422334727,0.044478275704778,0.0812963599069612,0.00662007591416438,0.0839441873715973,0.00563647149460709,0.0404581554039181,0.0360105450693374,0.0509138197960232,0.00217941705187468,6490
"Erythroid_late_HBG",0.108576239274465,0.0924446123512944,0.0690696155099381,0.0123648918022732,0.0754981560598066,0.0121682544854588,0.0916888770156652,0.0522932410525003,0.042389744583293,0.0515272937865895,0.0899701956021604,0.091660885392862,0.0804396687303139,0.0662137239432147,0.0829031254216982,0.0865628708951457,0.0780523599350579,0.089258931774572,0.0810971415129301,0.00557022141538271,0.301341921402385,0.0957368500674952,0.0873380228921122,0.0379989215366824,0.0607414297202502,0.0836412176302432,0.104378500518231,0.0592629465475873,0.0875066608591954,0.0888980418547609,0.0958893412620832,0.125774797436733,0.0229132668921323,0.0761684324679004,0.0488884035244922,0.123155252525253,0.0974356658932765,0.0189738176815401,0.0633472621612302,0.0675075630860577,0.0714335661724775,0.120760916161838,0.044013338033962,0.0408672145589708,0.0873763560334528,0.0577253467858307,0.0511862568842041,0.0866386659554936,0.00727970499646345,0.0925974875321313,0.00409437384598675,0.0336391099939487,0.038229601118714,0.0817083042405623,0.00324817168096738,3069
"GMP_promyelocyte",0.118313608058608,0.159365301554077,0.115022698412698,0.0675431061313414,0.126459819556266,0.0620065313874838,0.127424943816248,0.0528384246069431,0.0851305591305591,0.0700423342560747,0.134893635171413,0.0849352159150817,0.151488422873423,0.101634982614678,0.103882438549105,0.105136648805043,0.0960608465608466,0.16638572127461,0.112059655215434,0.0442330949473807,0.114622213632264,0.131024378493766,0.113285188062966,0.0842293136057842,0.113114619947953,0.0972475359691855,0.133423936941525,0.0693581187331187,0.109259799157758,0.15331300990095,0.145355636955637,0.224942903947904,0.0528331087813846,0.0879657511255449,0.0666006944444444,0.148016373626374,0.127670853248743,0.0428789975456642,0.0757058888612287,0.140096757563424,0.108711911545245,0.110073675379798,0.0656520546848416,0.0987311686941317,0.137457136752137,0.10902102593174,0.122534744457821,0.100006141299135,0.0557605249312566,0.0875275891161308,0.0171741147741148,0.0262265829408687,0.103833002645503,0.049478428978429,0.00216798941798942,819
"HSC_MPP",0.106305848219942,0.155280347005139,0.127724740909667,0.0376693980518851,0.121984006475785,0.045114842566952,0.114491832136818,0.0566371808588013,0.0725305739034359,0.0566670673824747,0.0996882220149039,0.0794014295225487,0.114936337472022,0.0884574191657754,0.105651738893219,0.0976687629251953,0.0906001970072666,0.139703835090634,0.102779723822881,0.0666058026099075,0.116440824630777,0.110992349632112,0.115796067648912,0.0732693749487632,0.104377485740466,0.1111005388654,0.136427688932436,0.0767176876134972,0.104648213650087,0.137370016177428,0.122468919717893,0.24196020207779,0.0588372062543415,0.0839634582036456,0.0562401534587609,0.139577379112294,0.12261566924958,0.0686083539051992,0.0812311982638338,0.117537753162839,0.0925364669116094,0.113519669111785,0.0640618362815776,0.0871560313639371,0.117345691752185,0.106658631744222,0.146117139881108,0.0900204379004428,0.0450037544845232,0.0837100206142574,0.0118830693863761,0.0176292616121578,0.0141710059546434,0.094193127726195,0.0679250214676859,7893
"MEP",0.117053241248418,0.147555646531071,0.129430275551807,0.0461700717824034,0.113265253939131,0.0419139252073668,0.112281738100041,0.0601012868977511,0.0643174877745734,0.0591182927077934,0.102759262454433,0.0927220482961059,0.145361782651483,0.08488800623153,0.104406932391538,0.0998967387305882,0.103185583009708,0.164634403574619,0.106464202426444,0.0574017031190376,0.14341349196425,0.105908002235057,0.104154016262726,0.0732001902068292,0.097445216966516,0.0946742395584678,0.122685977335009,0.0735743920382654,0.0959456858238867,0.136891741499569,0.132884277027977,0.289088738225784,0.0829615795750375,0.0823050444155539,0.0507326396211163,0.166762329185997,0.123791611297031,0.07354179287604,0.0909789452922927,0.116642474878325,0.098274017057969,0.1223077449453,0.0652915834088128,0.0795300610254568,0.104780240404892,0.11568354534454,0.129393436522707,0.0922301151296496,0.0502629932140739,0.0900635031515066,0.0162843807113735,0.0234352041533611,0.018303432096162,0.0986116818300496,0.0699588488214068,4742
"MSC_stromal",0.1119318,0.112207040816327,0.107952316666667,0.107299754901961,0.122603976311337,0.0522378571428571,0.111818850931677,0.0599978549382716,0.0731350900900901,0.0889380279898219,0.115381287878788,0.0695634116331096,0.0912822166666667,0.144734653130288,0.119797281144781,0.102787884283247,0.0777399891774892,0.110184377104377,0.0969686767169179,0.0633767142857143,0.107695753768844,0.116716045918367,0.107511801346801,0.0800506274509804,0.0974305471380471,0.0985565635738832,0.130700686767169,0.0783442518939394,0.104565807823129,0.131490695142379,0.102306308333333,0.118336191666667,0.0273691379310345,0.10692985395189,0.0746659895833333,0.097867425,0.108567252931323,0.0450380303030303,0.0599222491909385,0.0875214920634921,0.0985326388888889,0.0622361904761905,0.0602499453551913,0.103529320987654,0.121527075,0.0751968005952381,0.157533636363636,0.0863650743099788,0.0512205691056911,0.0940009548611111,0.0857449166666667,0.0484048809523809,0.0258648958333333,0.0845080952380952,0.214046388888889,200
"Megakaryocyte",0.119019505317435,0.129793464630454,0.0996798442367601,0.0794209714823732,0.125658418003864,0.0256180475627785,0.108815433404793,0.0459869650238917,0.0666304259464105,0.109462764836459,0.119403897716015,0.0935863258548233,0.0881015780427543,0.109872818346745,0.0794152915989848,0.0872048738838174,0.0910585141037929,0.0892683907503437,0.0945658235316663,0.0275797216211654,0.129188279457228,0.0951890933943671,0.0962562698637465,0.0817642281662907,0.0902594149682451,0.0785490463169995,0.105762682247849,0.0476986762566041,0.094129338844787,0.102715388090954,0.118684139005264,0.152716703727575,0.0218983723574887,0.10225669981273,0.0414357073799549,0.149775646148888,0.111422016625182,0.0394972053763546,0.070421631848081,0.0966745433246883,0.0930919170963584,0.130533207933512,0.0456752349656335,0.0743845760574195,0.0960850252443872,0.0791862224345104,0.0766359549785267,0.0889889607550532,0.0129857599123848,0.0890679617842948,0.0974025566655924,0.23758596135844,0.0341777647975078,0.0311536991851204,0.00946840870841838,3103
"Megakaryocyte_mature",0.126772035500231,0.156661228253404,0.146749543568465,0.0901850676646869,0.154505894082047,0.0537831236690158,0.139129489789782,0.0541078112460086,0.0861103946269921,0.121978682968547,0.14033198513489,0.0946300710747228,0.108676507607192,0.121939821153167,0.115747495703927,0.106621047401324,0.0954836809110668,0.13941791357559,0.10172565918574,0.0716237239017322,0.16470257696968,0.123717019034446,0.123100583986476,0.115882618718303,0.119205645668301,0.0892047549110474,0.127270372146579,0.0742253997443313,0.105831453881691,0.158418160419432,0.149626288612264,0.209088944213923,0.0415504602470549,0.112720121391871,0.0648727524204703,0.137218443983402,0.13369844844323,0.0583972644844014,0.0750530690622944,0.135712301038442,0.135366585984325,0.141606872347833,0.0613975126408634,0.137501938083773,0.143759149377593,0.114361304584074,0.158650304513375,0.114419947552807,0.0490474198517919,0.0962588078223452,0.130236860304288,0.29035865770928,0.05308474527432,0.137224263979451,0.0601366989396035,723
"Megakaryocyte_prog",0.121535775316456,0.132689512830449,0.0878200974187143,0.0547236779670915,0.107489955437293,0.0256883945561347,0.0988794257934324,0.0523359635696754,0.0599576692291696,0.0737208411724918,0.103606262739081,0.10661174313409,0.119357938384214,0.0884395534028043,0.0749863796816515,0.0870614627499849,0.102673998252926,0.111638655417416,0.102633456435815,0.022668161188526,0.122772061785722,0.100071660626276,0.0894409618021867,0.0589219971383937,0.0819262966598223,0.0866470383533813,0.109331453120654,0.0396078657009409,0.0854977000293788,0.098407878933012,0.129464164184661,0.246305002171755,0.0601953081538159,0.085128084915292,0.0414967249162323,0.194615586063539,0.116465710283859,0.0564356314447528,0.0763140923691586,0.0929058002103795,0.0875913429717879,0.12883007886699,0.0480328367287982,0.0576161601537005,0.0874092299578059,0.104470974940609,0.0669565388694205,0.0875697660907465,0.0219885237515815,0.0887717660244478,0.0397144142467113,0.0995743404956919,0.0296872246525192,0.0304608552281672,0.0099273754860594,5372
"Monocyte_S100high",0.112129256385386,0.165690938062907,0.0943982217911413,0.0682793784827219,0.113505173791811,0.044769602635752,0.119560676984495,0.0480262121157692,0.0736968088359941,0.075700653778663,0.138019029610688,0.082764762171346,0.0924569996766893,0.0988878686275379,0.090233529932366,0.0966381918723375,0.0886170300762929,0.104618405196485,0.098297905629018,0.029643379058704,0.113692188715969,0.117271244482274,0.108679025953032,0.0884439968810026,0.116931319336266,0.123692634848894,0.153733530244173,0.0575853227963437,0.111066433750998,0.113293462137717,0.128567607500808,0.182403894277401,0.0397271480651527,0.0833913759370177,0.0519656583414161,0.148039592628516,0.12960653737488,0.0451930066915518,0.0722447681736712,0.110822951980663,0.0853981436577217,0.108395422184393,0.0460067762742947,0.0901114523835183,0.142627864532816,0.0929327398272597,0.0897485524498134,0.100332649644461,0.0388159021551418,0.0893080864721414,0.0295082767539606,0.0614090111311256,0.130976741836405,0.052935545702277,0.00200067356396163,1031
"Monocyte_classical",0.118903082763322,0.191094348359187,0.117213277860047,0.0805721899365486,0.132019123917742,0.0762526541773421,0.148641262336988,0.0576822136818435,0.096982880278205,0.0854738169715311,0.168933328299805,0.0787843041394991,0.093466608960346,0.113867848486768,0.109427438358861,0.108263512600905,0.0923020937410614,0.122204788049263,0.10440499715511,0.0472896363679101,0.123063083912617,0.136618518622455,0.129649235224159,0.131209202315719,0.155839306612419,0.136135280471838,0.180608394793468,0.0717490811435702,0.132246795678994,0.146637384912481,0.14378141386362,0.181337537315187,0.0379414531504433,0.0942665456005579,0.0844078116552664,0.133479177420492,0.14103909659479,0.0509359122570462,0.0799544442641585,0.144711534884033,0.109481193292669,0.111986041973379,0.0596117474971321,0.134715622363778,0.194073040923301,0.100107329852821,0.12965191170628,0.114240694203587,0.07348535169295,0.0943391557512399,0.0324287391580283,0.0538714309219915,0.156197320945867,0.0833877807663507,0.00226406420170964,14181
"Monocyte_nonclassical",0.112363501571092,0.184184205850447,0.114407376276512,0.0606227608089583,0.132420925694796,0.0758951420840659,0.140629455696347,0.0534322696944129,0.0835041365009943,0.0871867520573109,0.161873433867346,0.0779700253588996,0.0962067746792354,0.103217130351449,0.107520083659322,0.105728193637756,0.0857675277066479,0.121001998910286,0.0957420889469605,0.043344431975461,0.121046655113746,0.129900398651212,0.132324009934379,0.109343426828705,0.145066030824083,0.145840874304549,0.181891622290557,0.0756107255290533,0.134259946240869,0.155889716979767,0.138547100680807,0.169602054202671,0.0324644292150861,0.0918857496294977,0.103522482161561,0.130832615213407,0.136526544084655,0.0652757702714498,0.0738570827518005,0.140875782740433,0.112202111700271,0.104251965200849,0.0581207744710443,0.139768067556952,0.179160745614035,0.0962410842872106,0.13108323674231,0.11251158305022,0.0660519609909375,0.0930854594898315,0.0337077179890024,0.034901413982718,0.0718352235532862,0.059283357647851,0.00236264947193855,2546
"NK",0.0991316877015019,0.181702099511661,0.112263530706928,0.0322660276424795,0.115133164008847,0.0627957411713604,0.114680112257422,0.0572263003154133,0.0579265544737944,0.0631349509912499,0.129104326666841,0.080901873938231,0.0990431013603837,0.0936786325431125,0.0959926563742322,0.0936659188202647,0.0825610704660599,0.121269534417859,0.0931154781140111,0.0420735236297869,0.117637189051335,0.113571011124431,0.120342200013821,0.0815197794522386,0.10554483618921,0.116548745124839,0.150921407382908,0.0746508098947722,0.105991114858305,0.140928054797855,0.11770577003224,0.161169533498467,0.0387156114676797,0.0866504905763776,0.0502138734076433,0.117643182550916,0.124783944887605,0.0510332375417301,0.071599517044305,0.124069492655126,0.106329041178475,0.0754909096452924,0.0581123686249334,0.0971207679134667,0.121233804946135,0.0951207133449039,0.12957395584678,0.0910319580740761,0.0433026657230479,0.0835079228755472,0.0303207379885193,0.0436200108965502,0.0263777251906896,0.0801039721857132,0.0015437537679222,8478
"Neutrophil",0.103088583886023,0.136676860722181,0.105176784573815,0.035001242648865,0.112678165606176,0.0640578306488402,0.12067766858754,0.0608848221840116,0.0713602242625824,0.06980691579427,0.136120466517298,0.0741089289276417,0.0862366163104888,0.0909958141466133,0.106238869907625,0.0968876394770034,0.0783297141325881,0.110360055976121,0.0925649557045853,0.043371007474471,0.123136491842657,0.116775394903724,0.113868845666193,0.106364934182958,0.135962073448809,0.0966830511006946,0.139517791610966,0.0716453671758112,0.108983034555016,0.139206506618082,0.118494665929747,0.113548505281258,0.0258142581251747,0.0889309004854553,0.0545084669000246,0.089243508965856,0.111796589185179,0.0241455379141451,0.0709035756105821,0.1159932133207,0.102646751924179,0.0837187022192812,0.0583100217049019,0.104137094353012,0.15956765905183,0.0755014804189915,0.121495581058588,0.0983838913426802,0.0554653857444986,0.0868731372308196,0.0190785433554409,0.0429784012352177,0.0845909021125031,0.084119275713233,0.00287273806599525,1357
"Plasma_cell",0.105015272904483,0.134072990014719,0.116308070175439,0.0236843251920651,0.0931021363335015,0.042411306042885,0.107598289201264,0.0520572702331962,0.0695488646541278,0.0537313512789608,0.102690142162364,0.0876118110339234,0.094305589668616,0.0912874254163327,0.0962620995530352,0.0987671524810876,0.0855941748310169,0.10894772284246,0.106295208988412,0.0295906711222501,0.113791129134954,0.122144343994908,0.113067315454742,0.0802770783167068,0.098916361470455,0.0994195755712305,0.135015991262355,0.0653022716197058,0.096369261447269,0.119478185273345,0.134983664717349,0.179185575048733,0.0448528265107212,0.0800322943670746,0.038135386208577,0.143881349902534,0.118695181560826,0.05563048614803,0.069115397717595,0.104458442402302,0.122963805636777,0.094916000318256,0.0548104048828812,0.0727866941015089,0.120456432748538,0.152040779030911,0.0930146607778187,0.0951623893420742,0.0380750962772786,0.0880991664636127,0.0167423489278752,0.0220767195767196,0.0105887548732943,0.0530166388192704,0.00734803443794672,342
"Progenitor_G2M",0.142775931192661,0.139414070398802,0.110941911314985,0.06236521856449,0.11794039180987,0.0316874253677006,0.113882576405113,0.0594681022765885,0.0731383378791636,0.0875452856175736,0.115223641614926,0.133546314882089,0.20743974617737,0.0960846225492479,0.0869310474778365,0.101274793617594,0.126682171650979,0.206562249405369,0.124025519032471,0.0333854608999563,0.150293942188004,0.107488210697123,0.0963214437957557,0.071832466270912,0.0876944104655114,0.0899372615782339,0.113936746423248,0.0506686023074785,0.0856970074268239,0.134063914373089,0.177320663608563,0.358991388379205,0.108819730043235,0.0925744537974085,0.0517713685015291,0.241019995412844,0.126751789528683,0.0758881289963859,0.0910309937353404,0.122024718217562,0.114080695718654,0.16246673531798,0.0720177495362711,0.0781230320534602,0.0898882324159021,0.154765664591525,0.0797462158636471,0.107692859229825,0.0337922204818378,0.101845474961774,0.0601550917431193,0.128493883792049,0.0230662270642202,0.0473306684141547,0.0177326962283384,1090
"T_CD4_memory",0.0998915370290789,0.17357498779486,0.1249796920212,0.038466105479579,0.114441801786866,0.0550156274513816,0.118805188172689,0.0591872290927226,0.0589917982012954,0.0583273957338949,0.116636723198176,0.0811211745399065,0.102585502077066,0.0916253762024116,0.106788011181866,0.0976365538437788,0.0826633403840108,0.123163741700055,0.0962182622034395,0.0338803200523871,0.118033608092029,0.126006705518477,0.133652943270262,0.0930835275579935,0.111835691103848,0.114033531367172,0.146024089074509,0.0720863911460979,0.108049693190555,0.142766704889582,0.113011712505372,0.196783154275892,0.0454607135624281,0.0819824228354724,0.0800103495201261,0.127449506517691,0.134356280759189,0.0675047987394356,0.0750543124681,0.118576619531927,0.0972852325359309,0.0866596973125305,0.0633611876263676,0.088542061256214,0.131291097264002,0.100922289070334,0.140157276042966,0.0973171766496323,0.0603762162804267,0.0805130540335673,0.0173864131213293,0.0223915628133505,0.00857051282051282,0.113374322139685,0.00132042926037339,2327
"T_CD4_naive",0.0986296011624411,0.167481321489413,0.115788694591976,0.0244631382766555,0.108655250815206,0.0497618307970548,0.111284489145632,0.0564620004478541,0.0524120025928323,0.0546953941699962,0.110484996269945,0.0818534199223291,0.102490444099275,0.0834957083309807,0.105596498100557,0.0958685341116171,0.0808713814161254,0.120700783429714,0.0941689239194603,0.0319585004700347,0.11265460062446,0.117621458293709,0.125334330714028,0.0852166235368784,0.105715403525855,0.10635737695208,0.138046025799908,0.0708530468908951,0.103070711930428,0.134792697159848,0.108793855262718,0.202468603233457,0.0509807457730199,0.0785248898976511,0.0889812324631727,0.131374025119417,0.131363374308829,0.0644345975032417,0.0716159455892974,0.109464646869537,0.0909329745242788,0.0815962548562866,0.062850165401989,0.0821496296543729,0.121848246317266,0.0982576326953268,0.131482434791384,0.0970371559468089,0.0667890969409744,0.0797527503938827,0.0113940942646224,0.0175323512710024,0.0081895271737315,0.0978706402492854,0.00134600438699046,9979
"T_CD8_GZMK",0.100800059300874,0.185064135391985,0.117567903401998,0.0391775606778292,0.115966635732935,0.0527823070863801,0.115587697055699,0.0595324886860175,0.0595110066175726,0.0629527335225053,0.127549066665406,0.0825338555413116,0.100562026373283,0.0961031283468634,0.0980730266144592,0.0950056729606127,0.0841613949993515,0.121582509316007,0.0955730987961029,0.0375094246031746,0.11627205197335,0.119206412305091,0.122715334130947,0.0876044631710362,0.108704917858359,0.116909854949355,0.153011592371972,0.0726932937609948,0.107984775487911,0.13806822364789,0.118353043851436,0.183475477333021,0.044375310091911,0.0828587954248555,0.0520753379564607,0.126031073462859,0.130370429119693,0.0586759637574244,0.073192246039538,0.125238833154985,0.102628601048819,0.0790806031682336,0.0594039964772518,0.0918411584766727,0.128743298025905,0.0996162034482566,0.128869814720236,0.0928936875780275,0.0417491645351847,0.0826187336223601,0.0284692220661673,0.0403306385990726,0.0219039359979713,0.0916183676654182,0.00161176459113608,8544
"T_memory",0.093920888669012,0.147174330572159,0.114075953532688,0.0198875696276752,0.104738673550933,0.0501723939355865,0.107783538278605,0.0581793319814978,0.0495944598952514,0.0584011975176853,0.115167868586184,0.0761358735752274,0.0988539577836412,0.0842862182964342,0.102571563257909,0.0933251576353857,0.0771702308611939,0.122035830675562,0.0902564909714212,0.0370000795744859,0.118694188105582,0.109010104239585,0.122173053460433,0.0830714280787073,0.101248380536529,0.0908228729368598,0.133322996174069,0.074175678286826,0.103806621659218,0.142539428305409,0.105922672603342,0.13343100703606,0.0347330947542939,0.0808508600132379,0.0636300319737614,0.095867867927294,0.110802236409252,0.0494213262795057,0.0693781191917639,0.109550157054906,0.100264248479185,0.0600052246932194,0.0628594974792258,0.0856605616903917,0.116361059440047,0.0846423912133015,0.140166906019808,0.0885644388611592,0.0531106356050368,0.079924581088757,0.019295276311932,0.0326752104535746,0.0165329403034301,0.0912152437492147,0.00202311760969413,4548
"cDC2",0.117404595402299,0.197003112831339,0.119483016091954,0.0673379039891819,0.13419332283097,0.0809686699507389,0.142646222602984,0.0480837335036186,0.100664535570053,0.0743170869527068,0.148079203529548,0.0810166751523567,0.100592457471264,0.110210530369333,0.108861149425287,0.106736794711453,0.0945560561277803,0.128325257169395,0.103000961127476,0.0601750410509031,0.114710039854445,0.131401430917194,0.131929260420295,0.11067290872211,0.130004098455823,0.135022225382154,0.184301706232311,0.0714104937304075,0.124201306591602,0.150072019869462,0.148361232183908,0.220524379310345,0.0469095996829172,0.0956425571750207,0.073478908045977,0.162291186206897,0.138963703575348,0.0538692163009404,0.0740873161477514,0.147048862616311,0.108796326628352,0.113488078817734,0.0559646504616544,0.123169859514687,0.170726266666667,0.111224626436782,0.123273653243308,0.111090861702907,0.0686305466778806,0.0903005890804598,0.0338728505747126,0.0348244663382594,0.0663331896551724,0.0563539573070608,0.00181272030651341,725
"pDC",0.101599722222222,0.152041424699961,0.109796300813008,0.0514064044316914,0.110682606991045,0.0814000677506775,0.107545148883166,0.0507773198333835,0.0613811158719695,0.054846350772668,0.114002556048288,0.0817119914152162,0.102612669376694,0.0822494600580524,0.103191241685144,0.0930293995815606,0.0812212367578221,0.125147744381484,0.0935755947760483,0.0475998064266357,0.117777753945881,0.105765596482495,0.122748730530235,0.0869487087517934,0.0993909487832252,0.0993888120582237,0.145640318802686,0.0743580623306233,0.107759495464853,0.147383329247865,0.114839678184282,0.174150423441734,0.0424149845808803,0.0877091156091973,0.0611923907520325,0.119062533875339,0.117877350846373,0.0542976513098464,0.0678158299786881,0.120914163117822,0.113391860038392,0.0713219954648526,0.0638554244968679,0.0965987152464117,0.11329433604336,0.108756587543554,0.116656698315235,0.0901674261647075,0.0489709498314495,0.0886826480634598,0.0111962737127371,0.0184901761517615,0.00552375508130081,0.053776035617499,0.00140560072267389,492
