"cell_type","PMF(MF2)","PMF(MF3)","prefibrotic","Reactive","PMF(MF2)","PMF(MF3)","prefibrotic","Reactive"
"B_naive",1003,3431,1644,2695,7.44,5.22,8.36,20.7
"cDC2",87,152,369,117,0.65,0.23,1.88,0.9
"Cycling_progenitor",23,41,15,14,0.17,0.06,0.08,0.11
"Erythroblast",351,2032,769,205,2.6,3.09,3.91,1.57
"Erythroid_cycling",277,4753,652,122,2.05,7.23,3.32,0.94
"Erythroid_late",139,5738,478,135,1.03,8.73,2.43,1.04
"Erythroid_late_HBG",249,2535,247,38,1.85,3.86,1.26,0.29
"Erythroid_S_phase",391,3128,1785,479,2.9,4.76,9.08,3.68
"GMP_promyelocyte",39,455,173,152,0.29,0.69,0.88,1.17
"HSC_MPP",412,6610,668,203,3.06,10.06,3.4,1.56
"Megakaryocyte",134,2715,241,13,0.99,4.13,1.23,0.1
"Megakaryocyte_mature",2,710,11,0,0.01,1.08,0.06,0
"Megakaryocyte_prog",479,4251,439,203,3.55,6.47,2.23,1.56
"MEP",167,3847,460,268,1.24,5.86,2.34,2.06
"Monocyte_classical",762,6838,4491,2090,5.65,10.41,22.84,16.05
"Monocyte_nonclassical",119,1288,877,262,0.88,1.96,4.46,2.01
"Monocyte_S100high",99,461,376,95,0.73,0.7,1.91,0.73
"MSC_stromal",17,37,135,11,0.13,0.06,0.69,0.08
"Neutrophil",139,507,595,116,1.03,0.77,3.03,0.89
"NK",1485,4046,1417,1530,11.02,6.16,7.21,11.75
"pDC",99,61,70,262,0.73,0.09,0.36,2.01
"Plasma_cell",129,30,49,134,0.96,0.05,0.25,1.03
"Progenitor_G2M",24,942,95,29,0.18,1.43,0.48,0.22
"T_CD4_memory",697,969,256,405,5.17,1.47,1.3,3.11
"T_CD4_naive",3074,3878,1329,1698,22.8,5.9,6.76,13.04
"T_CD8_GZMK",1831,4481,1076,1156,13.58,6.82,5.47,8.88
"T_memory",1253,1764,944,587,9.29,2.68,4.8,4.51
