"sample","B_naive","cDC2","Cycling_progenitor","Erythroblast","Erythroid_cycling","Erythroid_late","Erythroid_late_HBG","Erythroid_S_phase","GMP_promyelocyte","HSC_MPP","Megakaryocyte","Megakaryocyte_mature","Megakaryocyte_prog","MEP","Monocyte_classical","Monocyte_nonclassical","Monocyte_S100high","MSC_stromal","Neutrophil","NK","pDC","Plasma_cell","Progenitor_G2M","T_CD4_memory","T_CD4_naive","T_CD8_GZMK","T_memory"
"SRR27748962",8.23,0.59,0.15,0.31,0.71,0.2,0.23,2.48,0.41,1.18,0.28,0,2.68,1.12,6.56,1.14,0.87,0.17,0.32,6.1,0.97,1.56,0.19,7.12,32.24,14.5,9.72
"SRR27748963",0.14,0.19,0.02,4.11,1.53,19.61,2.97,0.85,1.14,7.21,18.24,4.66,16.06,3.87,2.41,0.69,0.1,0.06,0.63,3.31,0,0,2.94,0.9,0.95,5.77,1.65
"SRR27748964",0.91,0.23,0,6.15,1.14,75.63,1.59,0.11,0.11,0.46,0.34,0,0.57,0,2.62,0.11,0.11,0,0,1.94,0.11,0,0,0.11,1.71,1.37,4.67
"SRR27748965",1.68,0.21,0.04,12.32,7.11,1.43,2.23,23.42,1.05,1.22,0,0.08,2.73,3.53,4.79,0.17,0.17,1.39,3.62,6.01,0.5,0.25,0.67,1.98,8.58,11.27,3.53
"SRR27748966",30.48,0.51,0.11,0.44,0.18,0.44,0.15,0.4,0.07,0.59,0.92,0.04,2.35,0.26,9.25,0.33,0.55,0.59,2.57,8.56,0.18,0.11,0.07,2.46,27.54,5.36,5.47
"SRR27748967",1.09,0.4,0,11.56,11.64,0.45,2.76,30.08,2.52,11.19,0,0.05,3.77,7.96,7.9,0.11,0.29,2.23,0.37,1.06,0.13,0.05,1.51,0.32,0.72,1.3,0.53
"SRR27748968",9.06,3.43,0.07,0.15,0.37,0.24,0.58,0.96,0.62,1.15,0.53,0,0.86,0.62,40.54,9.65,1.72,0.03,2.52,9.06,0.59,0.49,0.21,1.37,3.2,5.44,6.54
"SRR27748969",1.46,2.33,0.19,0.53,0.34,12.34,1.31,0.31,0.12,3.54,5.47,0.19,3.2,0.68,23.52,4.01,6.71,0,7.27,9.79,0.09,0.03,0.12,0.81,3.29,6.25,6.09
"SRR27748970",1.21,0.4,0.04,3.63,10.57,11.31,3.75,5.13,1.41,7.83,2.2,0.36,3.79,7.44,25.89,2.24,2.05,0,1.39,1.57,0,0,0.92,0.58,3.37,1.95,0.98
"SRR27748971",21.65,0.06,0.14,0.15,0.06,0.77,0.48,0.26,0.03,0.33,0.2,0.26,2.91,0.29,5,3.53,0.38,0.04,0.46,21.67,0.1,0.1,0.07,3.42,10.6,19.36,7.67
"SRR27748972",0.58,0.38,0.07,5.95,6.46,5.26,5.17,3.19,1,26.28,3.92,1.34,6.4,11.25,4.61,1.23,0.07,0.02,0.29,3.97,0.13,0,1.07,0.42,1,6.53,3.41
"SRR27748973",5.71,0,0.04,7.25,10.87,1.71,1.75,20.77,0.04,4.95,3.11,0.64,6.23,4.14,1.58,0.94,0.3,0.17,0.64,6.7,0.09,0,1.15,1.62,8.32,7.33,3.97
"SRR27748974",2.99,0.15,0.09,4.59,16.09,12.63,9.39,10.34,0.78,10.83,2.76,0.58,5.87,4.26,2.98,0.06,0.27,0.05,0.49,1.9,0.16,0.06,1.14,1.31,6.44,2.31,1.51
"SRR27748975",4.55,0.17,0.05,1.39,4.57,2.8,1.92,2.45,0.06,16.51,4.01,1.26,8.24,9.62,7.12,3.77,0.83,0.09,0.49,6.74,0.15,0.09,2.94,1.68,8.16,8.16,2.18
"SRR27748976",3.26,0.33,0.23,7.44,5.07,2.88,5.23,4.58,0.14,7.18,1.44,0.02,6.14,1.72,2.63,0.21,0.37,0.09,0.37,12.86,0.49,0.19,0.23,3.39,12.74,11.65,9.11
"SRR27748977",1.04,0.58,0,1.52,3.49,4.17,1.49,2.62,1.39,8.12,3.65,0.83,5.4,7.6,37.38,2.08,1,0.12,2.35,2.39,0.02,0,0.96,1.37,5.11,4.36,0.93
"SRR27748978",14.69,1.74,0.12,0.48,0.36,0,0.42,0.48,0.12,0.84,3.06,0.06,0.84,0.54,9.35,1.44,1.08,0,5.94,28.42,0.3,0.24,0,0.96,6.24,14.45,7.85
"SRR27748979",27.54,0.78,0.15,0.17,0.42,0.48,0.32,1.91,0.21,0.97,0.04,0,0.69,1.58,9.61,4.1,0.31,0.11,1.11,18.25,1.45,1.47,0.08,1.81,7.89,12.2,6.35
"SRR27748980",16.09,0.98,0.08,2.52,1.29,1.41,0.27,4.87,1.81,1.95,0.14,0,2.15,2.38,20.4,0.6,1.02,0.06,0.75,7.37,2.39,0.73,0.32,3.99,16.51,6.64,3.27
