"cluster","cell_type","n_cells","pct_G1","pct_S","pct_G2M","pct_cycling"
"26","Cycling_progenitor",93,0,77.4,22.6,100
"8","Erythroid_S_phase",5783,0.1,35.3,64.7,100
"18","Progenitor_G2M",1090,0.1,4.3,95.6,99.9
"7","Erythroid_cycling",5804,0.8,14.5,84.7,99.2
"20","GMP_promyelocyte",819,7.6,66.9,25.5,92.4
"9","Megakaryocyte_prog",5372,39,37.1,23.9,61
"6","Erythroid_late",6490,48.3,17.5,34.2,51.7
"10","MEP",4742,48.9,44.1,6.9,51
"13","Megakaryocyte",3103,67.1,11.9,21,32.9
"14","Erythroid_late_HBG",3069,68.9,15.2,16,31.2
"19","Monocyte_S100high",1031,71.4,14.9,13.7,28.6
"11","T_memory",4548,72.6,21.7,5.7,27.4
"16","T_CD4_memory",2327,76.5,19.9,3.6,23.5
"12","Erythroblast",3357,78,9.5,12.4,21.9
"5","HSC_MPP",7893,78.6,19.2,2.2,21.4
"3","T_CD8_GZMK",8544,79.1,16.9,4,20.9
"4","NK",8478,79,17,3.9,20.9
"1","T_CD4_naive",9979,79.3,18.2,2.5,20.7
"25","MSC_stromal",200,80,11,9,20
"23","pDC",492,81.5,15.4,3,18.4
"17","Neutrophil",1357,82,10.9,7.1,18
"2","B_naive",8773,83.6,13.6,2.8,16.4
"22","Megakaryocyte_mature",723,84.4,11.5,4.1,15.6
"24","Plasma_cell",342,88.6,6.4,5,11.4
"21","cDC2",725,91,6.1,2.9,9
"0","Monocyte_classical",14181,94.5,3.2,2.3,5.5
"15","Monocyte_nonclassical",2546,95.1,3.4,1.5,4.9
