"dim","r2_pca","r2_harmony","reduction_pct"
1,0.1385,0.1032,25.5
2,0.2408,0.2006,16.7
3,0.2058,0.1775,13.8
4,0.1845,0.1119,39.3
5,0.1256,0.055,56.2
6,0.0654,0.0291,55.5
7,0.1022,0.0427,58.2
8,0.119,0.0372,68.7
9,0.0229,0.0038,83.4
10,0.1143,0.0334,70.8
11,0.0727,0.0116,84
12,0.0946,0.0045,95.2
13,0.0898,0.0056,93.8
14,0.1197,0.0079,93.4
15,0.097,0.0028,97.1
16,0.1169,0.0131,88.8
17,0.0699,0.0034,95.1
18,0.0604,0.009,85.1
19,0.1081,0.0053,95.1
20,0.0547,0.0157,71.3
21,0.0783,0.003,96.2
22,0.0548,0.0033,94
23,0.1188,0.0088,92.6
24,0.0648,0.0094,85.5
25,0.0857,0.0074,91.4
26,0.1191,0.0011,99.1
27,0.1021,0.0049,95.2
28,0.0591,0.0031,94.8
29,0.0749,0.0038,94.9
30,0.0843,0.0034,96
