"sample","patient","disease_stage","group","sex","age","collection_date","n_cells","pct_megakaryocyte_lineage","qc_flag","in_model"
"SRR27748962","MPN030","PMF(MF2)","MF2","female",38,"2020-07-10",7512,2.96,"none",TRUE
"SRR27748963","MPN016","PMF(MF3)","MF3","male",62,"2020-06-25",6227,38.96,"none",TRUE
"SRR27748964","MPN015","PMF(MF3)","MF3","male",68,"2020-06-26",878,0.91,"low_cell_recovery_884cells",FALSE
"SRR27748965","MPN111","prefibrotic","PrePMF","female",76,"2020-11-05",2378,2.82,"none",TRUE
"SRR27748966","MPN099","prefibrotic","PrePMF","male",62,"2020-11-05",2723,3.31,"none",TRUE
"SRR27748967","MPN052","prefibrotic","PrePMF","male",56,"2020-08-12",3770,3.82,"none",TRUE
"SRR27748968","MPN038","prefibrotic","PrePMF","female",55,"2020-07-02",7572,1.39,"none",TRUE
"SRR27748969","MPN019","prefibrotic","PrePMF","female",48,"2020-06-26",3218,8.86,"none",TRUE
"SRR27748970","MPN136","PMF(MF3)","MF3","male",53,"2020-11-18",10380,6.34,"none",TRUE
"SRR27748971","MPN104","PMF(MF3)","MF3","male",53,"2020-11-10",9622,3.37,"none",TRUE
"SRR27748972","MPN101","PMF(MF3)","MF3","male",63,"2020-10-20",4487,11.66,"none",TRUE
"SRR27748973","MPN098","PMF(MF3)","MF3","male",61,"2020-11-11",2345,9.98,"none",TRUE
"SRR27748974","MPN071","PMF(MF3)","MF3","female",59,"2020-09-18",13930,9.21,"none",TRUE
"SRR27748975","MPN068","PMF(MF3)","MF3","male",54,"2020-09-14",12649,13.5,"none",TRUE
"SRR27748976","MPN063","PMF(MF2)","MF2","female",61,"2020-09-18",4301,7.6,"none",TRUE
"SRR27748977","MPN060","PMF(MF3)","MF3","male",53,"2020-08-19",5182,9.88,"none",TRUE
"SRR27748978","MPN035","PMF(MF2)","MF2","female",61,"2020-07-14",1668,3.96,"none",TRUE
"SRR27748979","MPN069","Reactive","Reactive","female",51,"2020-09-14",5244,0.72,"none",TRUE
"SRR27748980","MPN014","Reactive","Reactive","male",39,"2020-07-01",7775,2.29,"none",TRUE
